qid,seq_len,qtype,atype,question,answer,sequence,metadata,n_relevant_rooms_per_step,n_relevant_rooms,episode_id,is_target,slot_index,Predicted_Answer
0000009,16,crowded_room,room,Which room was crowded (3 or more people in one room) for the most steps?,Hallway,,"[{'step_id': 1, 'rooms': {'Kitchen': False, 'Bathroom': False, 'Garden': False, 'Office': False, 'Bedroom': False, 'Hallway': False}}, {'step_id': 2, 'rooms': {'Kitchen': False, 'Bathroom': False, 'Garden': False, 'Office': False, 'Bedroom': False, 'Hallway': False}}, {'step_id': 3, 'rooms': {'Kitchen': False, 'Bathroom': False, 'Garden': False, 'Office': False, 'Bedroom': False, 'Hallway': False}}, {'step_id': 4, 'rooms': {'Kitchen': False, 'Bathroom': False, 'Garden': False, 'Office': False, 'Bedroom': False, 'Hallway': False}}, {'step_id': 5, 'rooms': {'Kitchen': False, 'Bathroom': False, 'Garden': False, 'Office': False, 'Bedroom': False, 'Hallway': False}}, {'step_id': 6, 'rooms': {'Kitchen': False, 'Bathroom': False, 'Garden': False, 'Office': False, 'Bedroom': False, 'Hallway': True}}, {'step_id': 7, 'rooms': {'Kitchen': False, 'Bathroom': False, 'Garden': False, 'Office': False, 'Bedroom': False, 'Hallway': False}}, {'step_id': 8, 'rooms': {'Kitchen': False, 'Bathroom': False, 'Garden': False, 'Office': False, 'Bedroom': False, 'Hallway': False}}, {'step_id': 9, 'rooms': {'Kitchen': False, 'Bathroom': False, 'Garden': False, 'Office': False, 'Bedroom': False, 'Hallway': False}}, {'step_id': 10, 'rooms': {'Kitchen': False, 'Bathroom': False, 'Garden': False, 'Office': False, 'Bedroom': False, 'Hallway': False}}, {'step_id': 11, 'rooms': {'Kitchen': False, 'Bathroom': False, 'Garden': False, 'Office': False, 'Bedroom': False, 'Hallway': False}}, {'step_id': 12, 'rooms': {'Kitchen': False, 'Bathroom': False, 'Garden': False, 'Office': False, 'Bedroom': False, 'Hallway': False}}, {'step_id': 13, 'rooms': {'Kitchen': False, 'Bathroom': False, 'Garden': False, 'Office': False, 'Bedroom': False, 'Hallway': False}}, {'step_id': 14, 'rooms': {'Kitchen': False, 'Bathroom': False, 'Garden': False, 'Office': False, 'Bedroom': False, 'Hallway': False}}, {'step_id': 15, 'rooms': {'Kitchen': False, 'Bathroom': False, 'Garden': False, 'Office': False, 'Bedroom': False, 'Hallway': False}}, {'step_id': 16, 'rooms': {'Kitchen': False, 'Bathroom': False, 'Garden': False, 'Office': False, 'Bedroom': False, 'Hallway': True}}]","[0, 0, 0, 0, 0, 1, 0, 0, 0, 0, 0, 0, 0, 0, 0, 1]",2,00000,False,9,"<think>
Okay, let's see. The user wants to know which room was crowded (had 3 or more people) for the most steps. So I need to go through each step and check each room's population.

First, I'll go step by step. Let's start with step 1. The rooms are Kitchen: Sandra; Bathroom: Daniel; Garden: Mary; Office: empty; Bedroom: John; Hallway: Michael. All rooms have 1 person except Office, which is empty. No crowded rooms here.

Step 2: Kitchen is empty. Bathroom: Daniel (1). Garden has Sandra and Mary (2). Others are 1 or empty. Still no room with 3.

Step 3: Garden has Sandra (1), Hallway has Mary and Michael (2). Still no crowded rooms.

Step 4: Kitchen: John (1). Hallway: Mary and Michael (2). No change.

Step 5: Bathroom has Sandra and Daniel (2). Hallway: Mary and Michael (2). Still no 3.

Step 6: Hallway has Mary, Daniel, Michael. That's 3 people! So Hallway is crowded here. So step 6 has Hallway as crowded.

Step 7: Hallway has Daniel and Michael (2). Bedroom has Mary (1). No crowded.

Step 8: Bathroom has Sandra and Mary (2). Hallway: Daniel and Michael (2). No.

Step 9: Bathroom: Mary (1). Garden: Sandra (1). Hallway: Daniel and Michael (2). Still no.

Step 10: Bathroom has Mary and Michael (2). Hallway: Daniel (1). No.

Step 11: Bathroom: Mary and Michael (2). Bedroom: Sandra (1). Hallway: Daniel (1). No.

Step 12: Bathroom: Michael (1). Garden: Mary (1). Bedroom: Sandra (1). Hallway: Daniel (1). All rooms have 1 or 0. No crowded.

Step 13: Garden has Sandra and Mary (2). Hallway: Daniel (1). Still no.

Step 14: Garden empty. Hallway: Mary and Daniel (2). No.

Step 15: Office has Sandra (1). Hallway: Mary and Daniel (2). No.

Step 16: Hallway has Sandra, Mary, Daniel. That's 3 again. So step 16 has Hallway crowded.

So looking through all steps, only steps 6 and 16 have a room with 3 people. Both times it's the Hallway. So Hallway was crowded for 2 steps. Any other rooms? Let me check again.

Wait, step 5: Bathroom has Sandra and Daniel (2), Hallway has 2. Step 6: Hallway has 3. Then step 16 again Hallway has 3. Any other instances? Let me check again.

Looking through all steps again. Step 6 and 16 only. So Hallway was crowded in those two steps. So the answer is Hallway. But wait, the question is which room was crowded for the most steps. Since only Hallway had 3 people in two steps, and no other rooms had 3 or more. So the answer is Hallway.
</think>

{""answer"": ""Hallway""}"
0000006,16,crowded_room,room,Which room was crowded (3 or more people in one room) for the most steps?,Hallway,,"[{'step_id': 1, 'rooms': {'Kitchen': False, 'Bathroom': False, 'Garden': False, 'Office': False, 'Bedroom': False, 'Hallway': False}}, {'step_id': 2, 'rooms': {'Kitchen': False, 'Bathroom': False, 'Garden': False, 'Office': False, 'Bedroom': False, 'Hallway': False}}, {'step_id': 3, 'rooms': {'Kitchen': False, 'Bathroom': False, 'Garden': False, 'Office': False, 'Bedroom': False, 'Hallway': False}}, {'step_id': 4, 'rooms': {'Kitchen': False, 'Bathroom': False, 'Garden': False, 'Office': False, 'Bedroom': False, 'Hallway': False}}, {'step_id': 5, 'rooms': {'Kitchen': False, 'Bathroom': False, 'Garden': False, 'Office': False, 'Bedroom': False, 'Hallway': False}}, {'step_id': 6, 'rooms': {'Kitchen': False, 'Bathroom': False, 'Garden': False, 'Office': False, 'Bedroom': False, 'Hallway': True}}, {'step_id': 7, 'rooms': {'Kitchen': False, 'Bathroom': False, 'Garden': False, 'Office': False, 'Bedroom': False, 'Hallway': False}}, {'step_id': 8, 'rooms': {'Kitchen': False, 'Bathroom': False, 'Garden': False, 'Office': False, 'Bedroom': False, 'Hallway': False}}, {'step_id': 9, 'rooms': {'Kitchen': False, 'Bathroom': False, 'Garden': False, 'Office': False, 'Bedroom': False, 'Hallway': False}}, {'step_id': 10, 'rooms': {'Kitchen': False, 'Bathroom': False, 'Garden': False, 'Office': False, 'Bedroom': False, 'Hallway': False}}, {'step_id': 11, 'rooms': {'Kitchen': False, 'Bathroom': False, 'Garden': False, 'Office': False, 'Bedroom': False, 'Hallway': False}}, {'step_id': 12, 'rooms': {'Kitchen': False, 'Bathroom': False, 'Garden': False, 'Office': False, 'Bedroom': False, 'Hallway': False}}, {'step_id': 13, 'rooms': {'Kitchen': False, 'Bathroom': False, 'Garden': False, 'Office': False, 'Bedroom': False, 'Hallway': False}}, {'step_id': 14, 'rooms': {'Kitchen': False, 'Bathroom': False, 'Garden': False, 'Office': False, 'Bedroom': False, 'Hallway': False}}, {'step_id': 15, 'rooms': {'Kitchen': False, 'Bathroom': False, 'Garden': False, 'Office': False, 'Bedroom': False, 'Hallway': False}}, {'step_id': 16, 'rooms': {'Kitchen': False, 'Bathroom': False, 'Garden': False, 'Office': False, 'Bedroom': False, 'Hallway': True}}]","[0, 0, 0, 0, 0, 1, 0, 0, 0, 0, 0, 0, 0, 0, 0, 1]",2,00000,False,6,"<think>
Okay, let's see. The question is asking which room was crowded (had 3 or more people) for the most steps. So I need to go through each step and check each room's population.

First, I'll go step by step. Let's start with step 1. The rooms are Kitchen: Sandra; Bathroom: Daniel; Garden: Mary; Office: empty; Bedroom: John; Hallway: Michael. All rooms have 1 person except Office, which is empty. No crowded rooms here.

Step 2: Kitchen is empty. Bathroom: Daniel (1). Garden has Sandra and Mary (2). Others are 1 or empty. Still no room with 3.

Step 3: Garden has Sandra (1), Hallway has Mary and Michael (2). Still no 3.

Step 4: Kitchen: John (1). Hallway: Mary and Michael (2). No crowded.

Step 5: Bathroom has Sandra and Daniel (2). Hallway: Mary and Michael (2). Still no 3.

Step 6: Hallway has Mary, Daniel, Michael. That's 3 people! So Hallway is crowded here. So step 6 has Hallway as crowded.

Step 7: Hallway has Daniel and Michael (2). Bedroom has Mary (1). No crowded.

Step 8: Bathroom has Sandra and Mary (2). Hallway: Daniel and Michael (2). No.

Step 9: Bathroom: Mary (1). Garden: Sandra (1). Hallway: Daniel and Michael (2). No.

Step 10: Bathroom has Mary and Michael (2). Hallway: Daniel (1). Still no.

Step 11: Bathroom: Mary and Michael (2). Bedroom: Sandra (1). Hallway: Daniel (1). No.

Step 12: Bathroom: Michael (1). Garden: Mary (1). Bedroom: Sandra (1). Hallway: Daniel (1). No crowded.

Step 13: Garden has Sandra and Mary (2). Hallway: Daniel (1). No.

Step 14: Garden empty. Hallway: Mary and Daniel (2). No.

Step 15: Office has Sandra (1). Hallway: Mary and Daniel (2). No.

Step 16: Hallway has Sandra, Mary, Daniel. That's 3 again. So step 16 has Hallway crowded.

So looking through all steps, only steps 6 and 16 had a room with 3 people. Both times it was the Hallway. So Hallway was crowded for 2 steps. Any other rooms? Let me check again.

Wait, in step 5, bathroom had 2 people, garden empty. Hallway had 2. Step 6: Hallway 3. Step 7: Hallway 2. Step 8: bathroom 2, hallway 2. Step 10: bathroom 2. Step 16: hallway 3. Any others?

No, I think only Hallway had 3 people in steps 6 and 16. So the answer is Hallway. But wait, the question says ""for the most steps""—so which room had the most instances of being crowded. Since Hallway was crowded twice, and others didn't have any, the answer is Hallway.
</think>

{""answer"": ""Hallway""}"
0000001,16,spend_alone_at_step,person,"Who was alone at time 13? If there are several people alone, return the one with maximal lexicographic name.",Michael,,"[{'step_id': 1, 'rooms': {'Kitchen': False, 'Bathroom': False, 'Garden': False, 'Office': False, 'Bedroom': False, 'Hallway': False}}, {'step_id': 2, 'rooms': {'Kitchen': False, 'Bathroom': False, 'Garden': False, 'Office': False, 'Bedroom': False, 'Hallway': False}}, {'step_id': 3, 'rooms': {'Kitchen': False, 'Bathroom': False, 'Garden': False, 'Office': False, 'Bedroom': False, 'Hallway': False}}, {'step_id': 4, 'rooms': {'Kitchen': False, 'Bathroom': False, 'Garden': False, 'Office': False, 'Bedroom': False, 'Hallway': False}}, {'step_id': 5, 'rooms': {'Kitchen': False, 'Bathroom': False, 'Garden': False, 'Office': False, 'Bedroom': False, 'Hallway': False}}, {'step_id': 6, 'rooms': {'Kitchen': False, 'Bathroom': False, 'Garden': False, 'Office': False, 'Bedroom': False, 'Hallway': False}}, {'step_id': 7, 'rooms': {'Kitchen': False, 'Bathroom': False, 'Garden': False, 'Office': False, 'Bedroom': False, 'Hallway': False}}, {'step_id': 8, 'rooms': {'Kitchen': False, 'Bathroom': False, 'Garden': False, 'Office': False, 'Bedroom': False, 'Hallway': False}}, {'step_id': 9, 'rooms': {'Kitchen': False, 'Bathroom': False, 'Garden': False, 'Office': False, 'Bedroom': False, 'Hallway': False}}, {'step_id': 10, 'rooms': {'Kitchen': False, 'Bathroom': False, 'Garden': False, 'Office': False, 'Bedroom': False, 'Hallway': False}}, {'step_id': 11, 'rooms': {'Kitchen': False, 'Bathroom': False, 'Garden': False, 'Office': False, 'Bedroom': False, 'Hallway': False}}, {'step_id': 12, 'rooms': {'Kitchen': False, 'Bathroom': False, 'Garden': False, 'Office': False, 'Bedroom': False, 'Hallway': False}}, {'step_id': 13, 'rooms': {'Kitchen': False, 'Bathroom': True, 'Garden': False, 'Office': False, 'Bedroom': False, 'Hallway': False}}, {'step_id': 14, 'rooms': {'Kitchen': False, 'Bathroom': False, 'Garden': False, 'Office': False, 'Bedroom': False, 'Hallway': False}}, {'step_id': 15, 'rooms': {'Kitchen': False, 'Bathroom': False, 'Garden': False, 'Office': False, 'Bedroom': False, 'Hallway': False}}, {'step_id': 16, 'rooms': {'Kitchen': False, 'Bathroom': False, 'Garden': False, 'Office': False, 'Bedroom': False, 'Hallway': False}}]","[0, 0, 0, 0, 0, 0, 0, 0, 0, 0, 0, 0, 1, 0, 0, 0]",1,00000,True,1,"<think>
Okay, let's see. The question is asking who was alone at time 13. And if there are multiple people alone, we need to pick the one with the lexicographically largest name. 

First, I need to look at the data provided for step_id 13. Let me check the 'rooms' dictionary at that step. 

Looking at step 13: the rooms are Kitchen: ['John'], Bathroom: ['Michael'], Garden: ['Sandra', 'Mary'], Office: [], Bedroom: [], Hallway: ['Daniel']. 

Now, I need to determine which rooms have exactly one person, because being alone would mean that the room has only that person. 

So, for each room in step 13:
- Kitchen has John alone (only one person).
- Bathroom has Michael alone (only one person).
- Garden has Sandra and Mary, so two people, not alone.
- Office is empty, so no one there.
- Bedroom is empty.
- Hallway has Daniel alone (only one person).

Wait, so Kitchen has John, Bathroom has Michael, and Hallway has Daniel. Each of these rooms has one person. So each of these three people (John, Michael, Daniel) are alone in their respective rooms. 

But the question says if there are several people alone, return the one with the maximal lexicographic name. So we need to compare John, Michael, and Daniel. 

Lexicographic order is like dictionary order. Let's see: Daniel, John, Michael. Wait, no. Let's think. The names are Daniel, John, Michael. 

Comparing them letter by letter. D comes before J and M. So Daniel is first. Then John starts with J, and Michael with M. So Michael comes after John. So the order would be Daniel < John < Michael. Therefore, the maximum lexicographic name among them is Michael. 

Wait, but wait. Let me confirm. Michael starts with M, John with J. Since M comes after J in the alphabet, Michael is lexicographically larger than John. So among the three, Michael is the largest. 

But wait, the problem says ""if there are several people alone, return the one with maximal lexicographic name."" So in this case, there are three people alone: John, Michael, Daniel. So the answer should be Michael. 

But wait, let me check again. The step 13 rooms: 

Kitchen: John (alone)
Bathroom: Michael (alone)
Hallway: Daniel (alone)
Garden has two people, so Sandra and Mary are not alone. 

So three people are alone. So the answer is the lexicographically maximum among John, Michael, Daniel. 

Michael is M, John is J, Daniel is D. So Michael is the largest. Therefore, the answer should be Michael. 

But wait, the initial data for step 13 is:

{'step_id': 13, 'rooms': {'Kitchen': ['John'], 'Bathroom': ['Michael'], 'Garden': ['Sandra', 'Mary'], 'Office': [], 'Bedroom': [], 'Hallway': ['Daniel']}}

Yes, so three people alone. So the answer is Michael. 

But let me check if I made a mistake here. Maybe I'm missing something. For example, is there any other person in another room? No. The other rooms are empty. So yes, John, Michael, Daniel are each alone. 

So the answer is Michael.
</think>

{""answer"": ""Michael""}"
0000000,16,spend_alone_at_step,person,"Who was alone at time 12? If there are several people alone, return the one with maximal lexicographic name.",Sandra,,"[{'step_id': 1, 'rooms': {'Kitchen': False, 'Bathroom': False, 'Garden': False, 'Office': False, 'Bedroom': False, 'Hallway': False}}, {'step_id': 2, 'rooms': {'Kitchen': False, 'Bathroom': False, 'Garden': False, 'Office': False, 'Bedroom': False, 'Hallway': False}}, {'step_id': 3, 'rooms': {'Kitchen': False, 'Bathroom': False, 'Garden': False, 'Office': False, 'Bedroom': False, 'Hallway': False}}, {'step_id': 4, 'rooms': {'Kitchen': False, 'Bathroom': False, 'Garden': False, 'Office': False, 'Bedroom': False, 'Hallway': False}}, {'step_id': 5, 'rooms': {'Kitchen': False, 'Bathroom': False, 'Garden': False, 'Office': False, 'Bedroom': False, 'Hallway': False}}, {'step_id': 6, 'rooms': {'Kitchen': False, 'Bathroom': False, 'Garden': False, 'Office': False, 'Bedroom': False, 'Hallway': False}}, {'step_id': 7, 'rooms': {'Kitchen': False, 'Bathroom': False, 'Garden': False, 'Office': False, 'Bedroom': False, 'Hallway': False}}, {'step_id': 8, 'rooms': {'Kitchen': False, 'Bathroom': False, 'Garden': False, 'Office': False, 'Bedroom': False, 'Hallway': False}}, {'step_id': 9, 'rooms': {'Kitchen': False, 'Bathroom': False, 'Garden': False, 'Office': False, 'Bedroom': False, 'Hallway': False}}, {'step_id': 10, 'rooms': {'Kitchen': False, 'Bathroom': False, 'Garden': False, 'Office': False, 'Bedroom': False, 'Hallway': False}}, {'step_id': 11, 'rooms': {'Kitchen': False, 'Bathroom': False, 'Garden': False, 'Office': False, 'Bedroom': False, 'Hallway': False}}, {'step_id': 12, 'rooms': {'Kitchen': False, 'Bathroom': False, 'Garden': False, 'Office': False, 'Bedroom': True, 'Hallway': False}}, {'step_id': 13, 'rooms': {'Kitchen': False, 'Bathroom': False, 'Garden': False, 'Office': False, 'Bedroom': False, 'Hallway': False}}, {'step_id': 14, 'rooms': {'Kitchen': False, 'Bathroom': False, 'Garden': False, 'Office': False, 'Bedroom': False, 'Hallway': False}}, {'step_id': 15, 'rooms': {'Kitchen': False, 'Bathroom': False, 'Garden': False, 'Office': False, 'Bedroom': False, 'Hallway': False}}, {'step_id': 16, 'rooms': {'Kitchen': False, 'Bathroom': False, 'Garden': False, 'Office': False, 'Bedroom': False, 'Hallway': False}}]","[0, 0, 0, 0, 0, 0, 0, 0, 0, 0, 0, 1, 0, 0, 0, 0]",1,00000,True,0,"<think>
Okay, let's tackle this problem step by step. The question is asking who was alone at time 12. If there are multiple people alone, we need to return the one with the lexicographically largest name. 

First, I need to look at the data provided for step_id 12. Let me find that entry. Here it is:

{'step_id': 12, 'rooms': {'Kitchen': ['John'], 'Bathroom': ['Michael'], 'Garden': ['Mary'], 'Office': [], 'Bedroom': ['Sandra'], 'Hallway': ['Daniel']}}

So, for each room at step 12, I need to check if there's exactly one person in the room. If a room has one person, that person is alone in that room. However, the question is about who was alone at that time, meaning that the person is in a room by themselves. 

Looking at each room:

- Kitchen: ['John'] → only John here. So John is alone in the Kitchen.
- Bathroom: ['Michael'] → Michael is alone in the Bathroom.
- Garden: ['Mary'] → Mary is alone in the Garden.
- Office: [] → No one here.
- Bedroom: ['Sandra'] → Sandra is alone in the Bedroom.
- Hallway: ['Daniel'] → Daniel is alone in the Hallway.

Wait, so there are multiple people who are alone in their respective rooms. The problem says if there are several people alone, return the one with the maximal lexicographic name. 

So the people alone are John, Michael, Mary, Sandra, and Daniel. Let me list their names: John, Michael, Mary, Sandra, Daniel. Now, I need to sort them lexicographically and pick the largest one. 

Lexicographic order is like dictionary order. Let's compare them:

- Daniel
- John
- Mary
- Michael
- Sandra

Wait, no, that's not correct. Let me think again. Lexicographic order compares each letter in sequence. Let's list them all:

Daniel, John, Mary, Michael, Sandra.

Comparing each:

- Daniel starts with D.
- John starts with J.
- Mary starts with M.
- Michael starts with M.
- Sandra starts with S.

So the order from smallest to largest would be D (Daniel), J (John), M (Mary, Michael), then S (Sandra). But between Mary and Michael, since they both start with M, we look at the next letters. Mary is M-A-R-Y, Michael is M-I-C-H-A-E-L. The second letter: A vs I. Since A comes before I, Mary comes before Michael. So the order would be Daniel, John, Mary, Michael, Sandra. Therefore, the lexicographically largest name is Sandra. 

Wait, but Sandra is in the Bedroom, which has only her. So Sandra is one of the people alone. But let me check again the list of people alone. At step 12, each of the rooms Kitchen, Bathroom, Garden, Bedroom, Hallway have exactly one person. So that's five people each in their own room. So all of them are alone. Therefore, the answer should be the lexicographically largest among John, Michael, Mary, Sandra, Daniel. 

As per the lex order, Sandra (S) is the largest. So the answer should be Sandra. 

But wait, let me confirm again. Let me list all the names:

Daniel, John, Mary, Michael, Sandra.

Sandra starts with S, which is later in the alphabet than M, J, D. So Sandra is the largest. Therefore, the answer is Sandra.
</think>

{""answer"": ""Sandra""}"
0000014,16,crowded_room,room,Which room was crowded (3 or more people in one room) for the most steps?,Hallway,,"[{'step_id': 1, 'rooms': {'Kitchen': False, 'Bathroom': False, 'Garden': False, 'Office': False, 'Bedroom': False, 'Hallway': False}}, {'step_id': 2, 'rooms': {'Kitchen': False, 'Bathroom': False, 'Garden': False, 'Office': False, 'Bedroom': False, 'Hallway': False}}, {'step_id': 3, 'rooms': {'Kitchen': False, 'Bathroom': False, 'Garden': False, 'Office': False, 'Bedroom': False, 'Hallway': False}}, {'step_id': 4, 'rooms': {'Kitchen': False, 'Bathroom': False, 'Garden': False, 'Office': False, 'Bedroom': False, 'Hallway': False}}, {'step_id': 5, 'rooms': {'Kitchen': False, 'Bathroom': False, 'Garden': False, 'Office': False, 'Bedroom': False, 'Hallway': False}}, {'step_id': 6, 'rooms': {'Kitchen': False, 'Bathroom': False, 'Garden': False, 'Office': False, 'Bedroom': False, 'Hallway': True}}, {'step_id': 7, 'rooms': {'Kitchen': False, 'Bathroom': False, 'Garden': False, 'Office': False, 'Bedroom': False, 'Hallway': False}}, {'step_id': 8, 'rooms': {'Kitchen': False, 'Bathroom': False, 'Garden': False, 'Office': False, 'Bedroom': False, 'Hallway': False}}, {'step_id': 9, 'rooms': {'Kitchen': False, 'Bathroom': False, 'Garden': False, 'Office': False, 'Bedroom': False, 'Hallway': False}}, {'step_id': 10, 'rooms': {'Kitchen': False, 'Bathroom': False, 'Garden': False, 'Office': False, 'Bedroom': False, 'Hallway': False}}, {'step_id': 11, 'rooms': {'Kitchen': False, 'Bathroom': False, 'Garden': False, 'Office': False, 'Bedroom': False, 'Hallway': False}}, {'step_id': 12, 'rooms': {'Kitchen': False, 'Bathroom': False, 'Garden': False, 'Office': False, 'Bedroom': False, 'Hallway': False}}, {'step_id': 13, 'rooms': {'Kitchen': False, 'Bathroom': False, 'Garden': False, 'Office': False, 'Bedroom': False, 'Hallway': False}}, {'step_id': 14, 'rooms': {'Kitchen': False, 'Bathroom': False, 'Garden': False, 'Office': False, 'Bedroom': False, 'Hallway': False}}, {'step_id': 15, 'rooms': {'Kitchen': False, 'Bathroom': False, 'Garden': False, 'Office': False, 'Bedroom': False, 'Hallway': False}}, {'step_id': 16, 'rooms': {'Kitchen': False, 'Bathroom': False, 'Garden': False, 'Office': False, 'Bedroom': False, 'Hallway': True}}]","[0, 0, 0, 0, 0, 1, 0, 0, 0, 0, 0, 0, 0, 0, 0, 1]",2,00000,False,14,"<think>
Okay, let's tackle this question. The user wants to know which room was crowded (had 3 or more people) for the most steps. So, I need to go through each step and check each room's population.

First, I'll start by looking at each step from 1 to 16. For each step, I'll check every room to see if there are 3 or more people. Then, I'll keep track of how many steps each room meets that condition.

Let me go step by step:

Step 1:
- Kitchen: 1 (Sandra)
- Bathroom: 1 (Daniel)
- Garden: 1 (Mary)
- Office: 0
- Bedroom: 1 (John)
- Hallway: 1 (Michael)
No rooms have 3 or more people.

Step 2:
- Garden has 2 (Sandra, Mary)
Others have 1 or 0. Still no crowded rooms.

Step 3:
- Hallway has 2 (Mary, Michael)
Others are 1 or 0. No crowded.

Step 4:
- Kitchen: 1 (John)
- Hallway: 2. No crowded.

Step 5:
- Bathroom has 2 (Sandra, Daniel)
- Hallway: 2. Still no room with 3.

Step 6:
- Hallway has 3 (Mary, Daniel, Michael). That's the first crowded room. So Hallway is crowded here. Count for Hallway: 1 step.

Step 7:
- Hallway has 2 (Daniel, Michael)
- Bedroom has 1 (Mary). No crowded.

Step 8:
- Bathroom has 2 (Sandra, Mary)
- Hallway: 2. No.

Step 9:
- All rooms have 1 or 2. No.

Step 10:
- Bathroom has 2 (Mary, Michael)
- Garden: 1
- Hallway: 1. No crowded.

Step 11:
- Bathroom: 2
- Bedroom: 1
- Hallway: 1. No.

Step 12:
- All rooms have 1 or 2. No.

Step 13:
- Garden has 2 (Sandra, Mary)
- Others have 1 or 0. No crowded.

Step 14:
- Garden: 1
- Hallway: 2. No.

Step 15:
- Office: 1 (Sandra)
- Hallway: 2. No.

Step 16:
- Hallway has 3 (Sandra, Mary, Daniel). So Hallway is crowded again. Now Hallway has 2 steps (step 6 and 16).

Wait, are there any other rooms that had 3 or more people in other steps? Let me check again.

Looking back:

Only step 6 and 16 have Hallway with 3 people. Any other steps?

Let me check step 5: Bathroom had 2, Hallway 2. No.

Step 10: Bathroom had 2. No.

Step 16 is the second time Hallway has 3. So Hallway was crowded for 2 steps. Any other rooms?

Wait, step 16: Hallway has 3. Any other steps where another room had 3?

Looking again:

Step 6: Hallway 3.

Step 16: Hallway 3.

Other steps: No. All other steps have rooms with max 2 people. So Hallway is the only room that was crowded (3 or more) and it happened in 2 steps. Therefore, the answer is Hallway.
</think>

{""answer"": ""Hallway""}"
0000013,16,crowded_room,room,Which room was crowded (3 or more people in one room) for the most steps?,Hallway,,"[{'step_id': 1, 'rooms': {'Kitchen': False, 'Bathroom': False, 'Garden': False, 'Office': False, 'Bedroom': False, 'Hallway': False}}, {'step_id': 2, 'rooms': {'Kitchen': False, 'Bathroom': False, 'Garden': False, 'Office': False, 'Bedroom': False, 'Hallway': False}}, {'step_id': 3, 'rooms': {'Kitchen': False, 'Bathroom': False, 'Garden': False, 'Office': False, 'Bedroom': False, 'Hallway': False}}, {'step_id': 4, 'rooms': {'Kitchen': False, 'Bathroom': False, 'Garden': False, 'Office': False, 'Bedroom': False, 'Hallway': False}}, {'step_id': 5, 'rooms': {'Kitchen': False, 'Bathroom': False, 'Garden': False, 'Office': False, 'Bedroom': False, 'Hallway': False}}, {'step_id': 6, 'rooms': {'Kitchen': False, 'Bathroom': False, 'Garden': False, 'Office': False, 'Bedroom': False, 'Hallway': True}}, {'step_id': 7, 'rooms': {'Kitchen': False, 'Bathroom': False, 'Garden': False, 'Office': False, 'Bedroom': False, 'Hallway': False}}, {'step_id': 8, 'rooms': {'Kitchen': False, 'Bathroom': False, 'Garden': False, 'Office': False, 'Bedroom': False, 'Hallway': False}}, {'step_id': 9, 'rooms': {'Kitchen': False, 'Bathroom': False, 'Garden': False, 'Office': False, 'Bedroom': False, 'Hallway': False}}, {'step_id': 10, 'rooms': {'Kitchen': False, 'Bathroom': False, 'Garden': False, 'Office': False, 'Bedroom': False, 'Hallway': False}}, {'step_id': 11, 'rooms': {'Kitchen': False, 'Bathroom': False, 'Garden': False, 'Office': False, 'Bedroom': False, 'Hallway': False}}, {'step_id': 12, 'rooms': {'Kitchen': False, 'Bathroom': False, 'Garden': False, 'Office': False, 'Bedroom': False, 'Hallway': False}}, {'step_id': 13, 'rooms': {'Kitchen': False, 'Bathroom': False, 'Garden': False, 'Office': False, 'Bedroom': False, 'Hallway': False}}, {'step_id': 14, 'rooms': {'Kitchen': False, 'Bathroom': False, 'Garden': False, 'Office': False, 'Bedroom': False, 'Hallway': False}}, {'step_id': 15, 'rooms': {'Kitchen': False, 'Bathroom': False, 'Garden': False, 'Office': False, 'Bedroom': False, 'Hallway': False}}, {'step_id': 16, 'rooms': {'Kitchen': False, 'Bathroom': False, 'Garden': False, 'Office': False, 'Bedroom': False, 'Hallway': True}}]","[0, 0, 0, 0, 0, 1, 0, 0, 0, 0, 0, 0, 0, 0, 0, 1]",2,00000,False,13,"<think>
Okay, let's see. The question is asking which room was crowded (had 3 or more people) for the most steps. So I need to go through each step and check each room's population.

First, I'll list out each step and note which rooms have 3 or more people. Let's go step by step.

Step 1: Check each room. Kitchen has Sandra (1), Bathroom Daniel (1), Garden Mary (1), Office empty, Bedroom John (1), Hallway Michael (1). No rooms with 3 or more. So none.

Step 2: Kitchen empty, Bathroom Daniel (1), Garden Sandra and Mary (2), others same. Still no room with 3.

Step 3: Garden has Sandra (1), Hallway has Mary and Michael (2). Still no.

Step 4: Kitchen John (1), Hallway Mary and Michael (2). No.

Step 5: Bathroom has Sandra and Daniel (2), Hallway Mary and Michael (2). Still no.

Step 6: Hallway has Mary, Daniel, Michael (3). That's a crowded room here. So step 6: Hallway is crowded.

Step 7: Hallway has Daniel and Michael (2), Bedroom has Mary (1). No crowded rooms.

Step 8: Bathroom has Sandra and Mary (2), Hallway Daniel and Michael (2). No.

Step 9: Bathroom Mary (1), Garden Sandra (1), Hallway Daniel and Michael (2). No.

Step 10: Bathroom Mary and Michael (2), Garden Sandra (1), Hallway Daniel (1). No.

Step 11: Bathroom Mary and Michael (2), Bedroom Sandra (1), Hallway Daniel (1). No.

Step 12: Bathroom Michael (1), Garden Mary (1), Bedroom Sandra (1). No.

Step 13: Garden Sandra and Mary (2), Hallway Daniel (1). No.

Step 14: Garden Sandra (1), Hallway Mary and Daniel (2). No.

Step 15: Office Sandra (1), Hallway Mary and Daniel (2). No.

Step 16: Hallway Sandra, Mary, Daniel (3). So here, Hallway is crowded again.

So looking through all steps, only steps 6 and 16 have a crowded room (Hallway with 3 people each time). So Hallway was crowded for 2 steps. Are there any other steps where another room had 3 or more?

Wait, let me check again. Maybe I missed something. Let me go through each step again.

Step 6: Hallway has 3 people. Step 16: Hallway again. Any others?

Looking at step 5, Bathroom has 2, Hallway 2. Step 2: Garden has 2. Step 3: Hallway has 2. Step 8: Bathroom and Hallway have 2 each. Step 10: Bathroom has 2. Step 13: Garden has 2. Step 14: Hallway has 2. Step 15: Hallway has 2. So no other steps with 3 or more. So only Hallway in steps 6 and 16. So Hallway was crowded for 2 steps. Therefore, the answer is Hallway. But wait, the question says ""for the most steps""—so which room had the highest number of steps where it was crowded. Since only Hallway had 2 steps, and others none. So the answer is Hallway. But let me check again if there's any other room that might have had 3 or more in any step.

Wait, step 16: Hallway has 3. Any other steps? Let me check step 5: Bathroom has 2, Hallway 2. Step 6: Hallway 3. Step 7: Hallway 2. Step 8: Hallway 2. Step 10: Hallway 1. Step 11: Hallway 1. Step 13: Garden 2. Step 14: Hallway 2. Step 15: Hallway 2. Step 16: Hallway 3. So yes, only Hallway in steps 6 and 16. So the answer is Hallway. But the question says ""which room was crowded (3 or more people) for the most steps?"" So the answer is Hallway, since it was crowded twice. No other room had that. So the answer should be Hallway.
</think>

{""answer"": ""Hallway""}"
0000012,16,crowded_room,room,Which room was crowded (3 or more people in one room) for the most steps?,Hallway,,"[{'step_id': 1, 'rooms': {'Kitchen': False, 'Bathroom': False, 'Garden': False, 'Office': False, 'Bedroom': False, 'Hallway': False}}, {'step_id': 2, 'rooms': {'Kitchen': False, 'Bathroom': False, 'Garden': False, 'Office': False, 'Bedroom': False, 'Hallway': False}}, {'step_id': 3, 'rooms': {'Kitchen': False, 'Bathroom': False, 'Garden': False, 'Office': False, 'Bedroom': False, 'Hallway': False}}, {'step_id': 4, 'rooms': {'Kitchen': False, 'Bathroom': False, 'Garden': False, 'Office': False, 'Bedroom': False, 'Hallway': False}}, {'step_id': 5, 'rooms': {'Kitchen': False, 'Bathroom': False, 'Garden': False, 'Office': False, 'Bedroom': False, 'Hallway': False}}, {'step_id': 6, 'rooms': {'Kitchen': False, 'Bathroom': False, 'Garden': False, 'Office': False, 'Bedroom': False, 'Hallway': True}}, {'step_id': 7, 'rooms': {'Kitchen': False, 'Bathroom': False, 'Garden': False, 'Office': False, 'Bedroom': False, 'Hallway': False}}, {'step_id': 8, 'rooms': {'Kitchen': False, 'Bathroom': False, 'Garden': False, 'Office': False, 'Bedroom': False, 'Hallway': False}}, {'step_id': 9, 'rooms': {'Kitchen': False, 'Bathroom': False, 'Garden': False, 'Office': False, 'Bedroom': False, 'Hallway': False}}, {'step_id': 10, 'rooms': {'Kitchen': False, 'Bathroom': False, 'Garden': False, 'Office': False, 'Bedroom': False, 'Hallway': False}}, {'step_id': 11, 'rooms': {'Kitchen': False, 'Bathroom': False, 'Garden': False, 'Office': False, 'Bedroom': False, 'Hallway': False}}, {'step_id': 12, 'rooms': {'Kitchen': False, 'Bathroom': False, 'Garden': False, 'Office': False, 'Bedroom': False, 'Hallway': False}}, {'step_id': 13, 'rooms': {'Kitchen': False, 'Bathroom': False, 'Garden': False, 'Office': False, 'Bedroom': False, 'Hallway': False}}, {'step_id': 14, 'rooms': {'Kitchen': False, 'Bathroom': False, 'Garden': False, 'Office': False, 'Bedroom': False, 'Hallway': False}}, {'step_id': 15, 'rooms': {'Kitchen': False, 'Bathroom': False, 'Garden': False, 'Office': False, 'Bedroom': False, 'Hallway': False}}, {'step_id': 16, 'rooms': {'Kitchen': False, 'Bathroom': False, 'Garden': False, 'Office': False, 'Bedroom': False, 'Hallway': True}}]","[0, 0, 0, 0, 0, 1, 0, 0, 0, 0, 0, 0, 0, 0, 0, 1]",2,00000,False,12,"<think>
Okay, let's tackle this problem. The user is asking which room was crowded (had 3 or more people) for the most steps. So I need to go through each step and check the number of people in each room, then track how many steps each room had 3 or more people.

First, I'll start by looking at each step one by one. Let's list out the steps and note which rooms have 3 or more people. 

Looking at step 1: All rooms have 0 or 1 person. No crowded rooms here.

Step 2: Garden has Sandra and Mary, that's 2 people. Still not crowded. Others have 1 or 0.

Step 3: Hallway has Mary and Michael (2 people). Still no crowded rooms.

Step 4: Kitchen has John (1), others have 0 or 2. No.

Step 5: Bathroom has Sandra and Daniel (2), Hallway has 2. Still no.

Step 6: Hallway has Mary, Daniel, Michael – that's 3 people. So Hallway is crowded here. That's one step where a room is crowded.

Step 7: Hallway has Daniel and Michael (2). Bedroom has Mary (1). No crowded.

Step 8: Bathroom has Sandra and Mary (2). Hallway has 2. No.

Step 9: Bathroom has Mary (1), Garden has Sandra (1). Hallway has 2. No.

Step 10: Bathroom has Mary and Michael (2), Garden has Sandra (1), Hallway has Daniel (1). No crowded.

Step 11: Bathroom has Mary and Michael (2), Bedroom has Sandra (1), Hallway has Daniel (1). No.

Step 12: Bathroom has Michael (1), Garden has Mary (1), Bedroom has Sandra (1), Hallway has Daniel (1). All have 1 or 0. No.

Step 13: Garden has Sandra and Mary (2). Hallway has Daniel (1). No.

Step 14: Garden has Sandra (1), Hallway has Mary and Daniel (2). No.

Step 15: Office has Sandra (1), Hallway has Mary and Daniel (2). No.

Step 16: Hallway has Sandra, Mary, Daniel – that's 3 people again. So Hallway is crowded here as well.

So, looking through all steps, only step 6 and step 16 have a room with 3 or more people. Both times, it's the Hallway. So Hallway was crowded for 2 steps. Are there any other rooms that had 3 or more people? Let me check again.

Wait, in step 5, Bathroom had 2 people, Hallway 2. Step 6 Hallway 3. Step 10, Bathroom had 2. Step 16 Hallway 3. Any others?

Looking at step 16, Hallway has 3. Any other steps? Let me check again.

Step 6: Hallway has 3. Step 16: Hallway has 3. Any other steps where a room had 3 or more? Let me check each step again.

Step 1: All rooms have 1 or 0. No.

Step 2: Garden has 2. Others 1 or 0.

Step 3: Hallway has 2.

Step 4: Kitchen has 1, others 0 or 2.

Step 5: Bathroom 2, Hallway 2.

Step 6: Hallway 3.

Step 7: Hallway 2.

Step 8: Bathroom 2, Hallway 2.

Step 9: Hallway 2.

Step 10: Bathroom 2, Hallway 1.

Step 11: Bathroom 2, Hallway 1.

Step 12: All rooms have 1 or 0.

Step 13: Garden 2.

Step 14: Hallway 2.

Step 15: Hallway 2.

Step 16: Hallway 3.

So only Hallway in steps 6 and 16. So that's two steps. Are there any other rooms where 3 or more people were present? Let me check again. For example, in step 16, Hallway has 3. Any other steps? Let's check step 5: Bathroom had 2. Step 10: Bathroom had 2. Step 8: Bathroom had 2. No others. So only Hallway had 3 people in two steps. Therefore, the answer should be Hallway.
</think>

{""answer"": ""Hallway""}"
0000004,16,crowded_room,room,Which room was crowded (3 or more people in one room) for the most steps?,Hallway,,"[{'step_id': 1, 'rooms': {'Kitchen': False, 'Bathroom': False, 'Garden': False, 'Office': False, 'Bedroom': False, 'Hallway': False}}, {'step_id': 2, 'rooms': {'Kitchen': False, 'Bathroom': False, 'Garden': False, 'Office': False, 'Bedroom': False, 'Hallway': False}}, {'step_id': 3, 'rooms': {'Kitchen': False, 'Bathroom': False, 'Garden': False, 'Office': False, 'Bedroom': False, 'Hallway': False}}, {'step_id': 4, 'rooms': {'Kitchen': False, 'Bathroom': False, 'Garden': False, 'Office': False, 'Bedroom': False, 'Hallway': False}}, {'step_id': 5, 'rooms': {'Kitchen': False, 'Bathroom': False, 'Garden': False, 'Office': False, 'Bedroom': False, 'Hallway': False}}, {'step_id': 6, 'rooms': {'Kitchen': False, 'Bathroom': False, 'Garden': False, 'Office': False, 'Bedroom': False, 'Hallway': True}}, {'step_id': 7, 'rooms': {'Kitchen': False, 'Bathroom': False, 'Garden': False, 'Office': False, 'Bedroom': False, 'Hallway': False}}, {'step_id': 8, 'rooms': {'Kitchen': False, 'Bathroom': False, 'Garden': False, 'Office': False, 'Bedroom': False, 'Hallway': False}}, {'step_id': 9, 'rooms': {'Kitchen': False, 'Bathroom': False, 'Garden': False, 'Office': False, 'Bedroom': False, 'Hallway': False}}, {'step_id': 10, 'rooms': {'Kitchen': False, 'Bathroom': False, 'Garden': False, 'Office': False, 'Bedroom': False, 'Hallway': False}}, {'step_id': 11, 'rooms': {'Kitchen': False, 'Bathroom': False, 'Garden': False, 'Office': False, 'Bedroom': False, 'Hallway': False}}, {'step_id': 12, 'rooms': {'Kitchen': False, 'Bathroom': False, 'Garden': False, 'Office': False, 'Bedroom': False, 'Hallway': False}}, {'step_id': 13, 'rooms': {'Kitchen': False, 'Bathroom': False, 'Garden': False, 'Office': False, 'Bedroom': False, 'Hallway': False}}, {'step_id': 14, 'rooms': {'Kitchen': False, 'Bathroom': False, 'Garden': False, 'Office': False, 'Bedroom': False, 'Hallway': False}}, {'step_id': 15, 'rooms': {'Kitchen': False, 'Bathroom': False, 'Garden': False, 'Office': False, 'Bedroom': False, 'Hallway': False}}, {'step_id': 16, 'rooms': {'Kitchen': False, 'Bathroom': False, 'Garden': False, 'Office': False, 'Bedroom': False, 'Hallway': True}}]","[0, 0, 0, 0, 0, 1, 0, 0, 0, 0, 0, 0, 0, 0, 0, 1]",2,00000,False,4,"<think>
Okay, let's see. The user wants to know which room was crowded (had 3 or more people) for the most steps. So I need to go through each step and check each room's population.

First, I'll start by looking at each step one by one. Let me list out the steps and note which rooms have 3 or more people. Let's go step by step.

Step 1: Check each room. Kitchen has Sandra (1), Bathroom Daniel (1), Garden Mary (1), Office empty, Bedroom John (1), Hallway Michael (1). No rooms with 3 or more. So no crowded rooms here.

Step 2: Kitchen is empty. Bathroom Daniel (1). Garden has Sandra and Mary (2). Others are 1 or 0. Still no room with 3.

Step 3: Garden has Sandra (1). Hallway has Mary and Michael (2). Others are 1 or 0. Still no crowded rooms.

Step 4: Kitchen John (1). Hallway Mary and Michael (2). Others are 0 or 1. No.

Step 5: Bathroom has Sandra and Daniel (2). Hallway Mary and Michael (2). Still no room with 3.

Step 6: Hallway has Mary, Daniel, Michael (3 people!). That's the first crowded room. So step 6: Hallway is crowded.

Step 7: Hallway has Daniel and Michael (2). Bedroom has Mary (1). No crowded rooms here.

Step 8: Bathroom has Sandra and Mary (2). Hallway Daniel and Michael (2). No.

Step 9: Bathroom Mary (1), Garden Sandra (1), Hallway Daniel and Michael (2). No.

Step 10: Bathroom Mary and Michael (2), Garden Sandra (1), Hallway Daniel (1). No crowded.

Step 11: Bathroom Mary and Michael (2), Bedroom Sandra (1), Hallway Daniel (1). Still no.

Step 12: Bathroom Michael (1), Garden Mary (1), Bedroom Sandra (1). All rooms have 1 or 0. No.

Step 13: Garden has Sandra and Mary (2). Hallway Daniel (1). No.

Step 14: Garden Sandra (1), Hallway Mary and Daniel (2). No.

Step 15: Office Sandra (1), Hallway Mary and Daniel (2). No.

Step 16: Hallway has Sandra, Mary, Daniel (3 people again). So step 16: Hallway is crowded.

So looking through all steps, only steps 6 and 16 have a crowded room (Hallway with 3 people each time). Wait, but the question is which room was crowded for the most steps. So how many steps did each room have 3 or more people?

From the above analysis, only Hallway in step 6 and step 16. That's two instances. Are there any other steps where a room had 3 or more?

Let me check again. Maybe I missed something.

Looking at step 10: Bathroom has Mary and Michael (2), Hallway Daniel (1). No. Step 5: Bathroom has 2, Hallway 2. Step 3: Hallway has 2. Step 2: Garden has 2. Step 8: Bathroom has 2. Step 13: Garden has 2. Step 14: Hallway has 2. Step 15: Hallway has 2. Step 16: Hallway has 3. Step 6: Hallway has 3. Any others?

Wait, step 16: Hallway has Sandra, Mary, Daniel. That's 3. Step 6: Hallway has Mary, Daniel, Michael. Also 3. Any other steps?

Looking at step 10, step 11, etc. No. So only Hallway in steps 6 and 16. So that's two steps. But the question is which room was crowded for the most steps. So Hallway was crowded twice. Any other rooms?

Wait, let me check step 5 again. Bathroom has Sandra and Daniel (2), Hallway Mary and Michael (2). No. Step 10: Bathroom has Mary and Michael (2). Step 13: Garden has Sandra and Mary (2). Step 8: Bathroom has Sandra and Mary (2). So no rooms with 3 people except Hallway in steps 6 and 16.

So the answer is Hallway, which was crowded for 2 steps. But wait, the question says ""for the most steps""—so if no other room had any steps, then Hallway is the answer. So the answer should be Hallway.
</think>

{""answer"": ""Hallway""}"
0000003,16,crowded_room,room,Which room was crowded (3 or more people in one room) for the most steps?,Hallway,,"[{'step_id': 1, 'rooms': {'Kitchen': False, 'Bathroom': False, 'Garden': False, 'Office': False, 'Bedroom': False, 'Hallway': False}}, {'step_id': 2, 'rooms': {'Kitchen': False, 'Bathroom': False, 'Garden': False, 'Office': False, 'Bedroom': False, 'Hallway': False}}, {'step_id': 3, 'rooms': {'Kitchen': False, 'Bathroom': False, 'Garden': False, 'Office': False, 'Bedroom': False, 'Hallway': False}}, {'step_id': 4, 'rooms': {'Kitchen': False, 'Bathroom': False, 'Garden': False, 'Office': False, 'Bedroom': False, 'Hallway': False}}, {'step_id': 5, 'rooms': {'Kitchen': False, 'Bathroom': False, 'Garden': False, 'Office': False, 'Bedroom': False, 'Hallway': False}}, {'step_id': 6, 'rooms': {'Kitchen': False, 'Bathroom': False, 'Garden': False, 'Office': False, 'Bedroom': False, 'Hallway': True}}, {'step_id': 7, 'rooms': {'Kitchen': False, 'Bathroom': False, 'Garden': False, 'Office': False, 'Bedroom': False, 'Hallway': False}}, {'step_id': 8, 'rooms': {'Kitchen': False, 'Bathroom': False, 'Garden': False, 'Office': False, 'Bedroom': False, 'Hallway': False}}, {'step_id': 9, 'rooms': {'Kitchen': False, 'Bathroom': False, 'Garden': False, 'Office': False, 'Bedroom': False, 'Hallway': False}}, {'step_id': 10, 'rooms': {'Kitchen': False, 'Bathroom': False, 'Garden': False, 'Office': False, 'Bedroom': False, 'Hallway': False}}, {'step_id': 11, 'rooms': {'Kitchen': False, 'Bathroom': False, 'Garden': False, 'Office': False, 'Bedroom': False, 'Hallway': False}}, {'step_id': 12, 'rooms': {'Kitchen': False, 'Bathroom': False, 'Garden': False, 'Office': False, 'Bedroom': False, 'Hallway': False}}, {'step_id': 13, 'rooms': {'Kitchen': False, 'Bathroom': False, 'Garden': False, 'Office': False, 'Bedroom': False, 'Hallway': False}}, {'step_id': 14, 'rooms': {'Kitchen': False, 'Bathroom': False, 'Garden': False, 'Office': False, 'Bedroom': False, 'Hallway': False}}, {'step_id': 15, 'rooms': {'Kitchen': False, 'Bathroom': False, 'Garden': False, 'Office': False, 'Bedroom': False, 'Hallway': False}}, {'step_id': 16, 'rooms': {'Kitchen': False, 'Bathroom': False, 'Garden': False, 'Office': False, 'Bedroom': False, 'Hallway': True}}]","[0, 0, 0, 0, 0, 1, 0, 0, 0, 0, 0, 0, 0, 0, 0, 1]",2,00000,False,3,"<think>
Okay, let's tackle this problem. The user is asking which room was crowded (had 3 or more people) for the most steps. So I need to go through each step and check each room to see if there are 3 or more people. Then, count how many steps each room was crowded and find the one with the highest count.

First, let me list out all the steps from 1 to 16. For each step, I'll check each room's occupants. Let me start by going through each step one by one.

Step 1:
- Kitchen: Sandra (1)
- Bathroom: Daniel (1)
- Garden: Mary (1)
- Office: 0
- Bedroom: John (1)
- Hallway: Michael (1)
No rooms have 3 or more people here.

Step 2:
- Garden has Sandra and Mary (2). Others are 1 or 0. Still no crowded rooms.

Step 3:
- Hallway has Mary and Michael (2). Others are 1 or 0. Still no.

Step 4:
- Kitchen: John (1). Hallway: Mary and Michael (2). No crowded rooms.

Step 5:
- Bathroom has Sandra and Daniel (2). Hallway: Mary and Michael (2). Still no.

Step 6:
- Hallway has Mary, Daniel, Michael (3). That's the first crowded room. So Hallway is crowded here. Count for Hallway: 1.

Step 7:
- Hallway has Daniel and Michael (2). Bedroom has Mary (1). No crowded rooms.

Step 8:
- Bathroom has Sandra and Mary (2). Hallway: Daniel and Michael (2). No.

Step 9:
- Bathroom: Mary (1). Garden: Sandra (1). Hallway: Daniel and Michael (2). No.

Step 10:
- Bathroom: Mary and Michael (2). Garden: Sandra (1). Hallway: Daniel (1). Still no.

Step 11:
- Bathroom: Mary and Michael (2). Bedroom: Sandra (1). Hallway: Daniel (1). No.

Step 12:
- Bathroom: Michael (1). Garden: Mary (1). Bedroom: Sandra (1). Hallway: Daniel (1). No crowded rooms.

Step 13:
- Garden: Sandra and Mary (2). Hallway: Daniel (1). No.

Step 14:
- Garden: Sandra (1). Hallway: Mary and Daniel (2). No.

Step 15:
- Office: Sandra (1). Hallway: Mary and Daniel (2). No.

Step 16:
- Hallway: Sandra, Mary, Daniel (3). So Hallway is crowded again here. Now Hallway has 2 steps (step 6 and 16).

Wait, are there any other rooms that had 3 or more people in other steps? Let me check again. For example, step 6 and 16, Hallway had 3. Any others?

Looking back:

Step 6: Hallway has 3. Step 16: Hallway has 3. Any other steps?

Looking through all steps again:

Step 1-5, 7-15: No rooms with 3 or more. Only steps 6 and 16 have Hallway with 3 people. So Hallway was crowded for 2 steps. Are there any other rooms that had 3 or more in any steps?

Wait, step 10: Bathroom has Mary and Michael (2), Garden has Sandra (1), Hallway has Daniel (1). No. Step 13: Garden has 2. Step 16: Hallway has 3. So only Hallway in steps 6 and 16. So the answer would be Hallway, with 2 steps. But wait, the question says ""for the most steps""—so which room had the highest number of steps where it was crowded. Since only Hallway had 2 steps, and others had 0, then Hallway is the answer.

But wait, let me check again. Maybe I missed a step. Let me go through each step again.

Step 6: Hallway has 3 people (Mary, Daniel, Michael). Yes.

Step 16: Hallway has Sandra, Mary, Daniel. That's 3. So two instances. Any others?

Looking at step 10: Bathroom has 2, Hallway has 1. No. Step 5: Bathroom has 2, Hallway has 2. No. Step 8: Bathroom has 2, Hallway has 2. No. Step 2: Garden has 2. Step 3: Hallway has 2. Step 13: Garden has 2. So no other rooms with 3 or more. Therefore, Hallway is the only room that was crowded (3 or more) in 2 steps. So the answer is Hallway.
</think>

{""answer"": ""Hallway""}"
0000008,16,crowded_room,room,Which room was crowded (3 or more people in one room) for the most steps?,Hallway,,"[{'step_id': 1, 'rooms': {'Kitchen': False, 'Bathroom': False, 'Garden': False, 'Office': False, 'Bedroom': False, 'Hallway': False}}, {'step_id': 2, 'rooms': {'Kitchen': False, 'Bathroom': False, 'Garden': False, 'Office': False, 'Bedroom': False, 'Hallway': False}}, {'step_id': 3, 'rooms': {'Kitchen': False, 'Bathroom': False, 'Garden': False, 'Office': False, 'Bedroom': False, 'Hallway': False}}, {'step_id': 4, 'rooms': {'Kitchen': False, 'Bathroom': False, 'Garden': False, 'Office': False, 'Bedroom': False, 'Hallway': False}}, {'step_id': 5, 'rooms': {'Kitchen': False, 'Bathroom': False, 'Garden': False, 'Office': False, 'Bedroom': False, 'Hallway': False}}, {'step_id': 6, 'rooms': {'Kitchen': False, 'Bathroom': False, 'Garden': False, 'Office': False, 'Bedroom': False, 'Hallway': True}}, {'step_id': 7, 'rooms': {'Kitchen': False, 'Bathroom': False, 'Garden': False, 'Office': False, 'Bedroom': False, 'Hallway': False}}, {'step_id': 8, 'rooms': {'Kitchen': False, 'Bathroom': False, 'Garden': False, 'Office': False, 'Bedroom': False, 'Hallway': False}}, {'step_id': 9, 'rooms': {'Kitchen': False, 'Bathroom': False, 'Garden': False, 'Office': False, 'Bedroom': False, 'Hallway': False}}, {'step_id': 10, 'rooms': {'Kitchen': False, 'Bathroom': False, 'Garden': False, 'Office': False, 'Bedroom': False, 'Hallway': False}}, {'step_id': 11, 'rooms': {'Kitchen': False, 'Bathroom': False, 'Garden': False, 'Office': False, 'Bedroom': False, 'Hallway': False}}, {'step_id': 12, 'rooms': {'Kitchen': False, 'Bathroom': False, 'Garden': False, 'Office': False, 'Bedroom': False, 'Hallway': False}}, {'step_id': 13, 'rooms': {'Kitchen': False, 'Bathroom': False, 'Garden': False, 'Office': False, 'Bedroom': False, 'Hallway': False}}, {'step_id': 14, 'rooms': {'Kitchen': False, 'Bathroom': False, 'Garden': False, 'Office': False, 'Bedroom': False, 'Hallway': False}}, {'step_id': 15, 'rooms': {'Kitchen': False, 'Bathroom': False, 'Garden': False, 'Office': False, 'Bedroom': False, 'Hallway': False}}, {'step_id': 16, 'rooms': {'Kitchen': False, 'Bathroom': False, 'Garden': False, 'Office': False, 'Bedroom': False, 'Hallway': True}}]","[0, 0, 0, 0, 0, 1, 0, 0, 0, 0, 0, 0, 0, 0, 0, 1]",2,00000,False,8,"<think>
Okay, let's see. The user is asking which room was crowded (had 3 or more people) for the most steps. So I need to go through each step and check the rooms to see if any have 3 or more people. Then count how many steps each such room had, and find the one with the highest count.

First, I'll go step by step. Let me list each step and check the rooms.

Step 1:
- Kitchen: 1 (Sandra)
- Bathroom: 1 (Daniel)
- Garden: 1 (Mary)
- Office: 0
- Bedroom: 1 (John)
- Hallway: 1 (Michael)
No rooms with 3 or more people. So no crowded rooms here.

Step 2:
- Garden has Sandra and Mary: 2 people. Others are 1 or 0. Still no crowded rooms.

Step 3:
- Hallway has Mary and Michael: 2. Still no.

Step 4:
- Kitchen: 1 (John)
- Hallway: 2. No crowded.

Step 5:
- Bathroom has Sandra and Daniel: 2. Hallway has 2. No.

Step 6:
- Hallway has Mary, Daniel, Michael: 3 people! So this is a crowded room. So step 6: Hallway is crowded.

Step 7:
- Hallway has Daniel and Michael: 2. Bedroom has Mary: 1. No crowded.

Step 8:
- Bathroom has Sandra and Mary: 2. Hallway has 2. No.

Step 9:
- All rooms have 1 or 2. No.

Step 10:
- Bathroom has Mary and Michael: 2. Garden has Sandra: 1. Hallway has Daniel: 1. Still no.

Step 11:
- Bathroom has Mary and Michael: 2. Bedroom has Sandra: 1. Hallway has Daniel: 1. No.

Step 12:
- All rooms have 1 or 0 except Kitchen (1), Garden (1), Bedroom (1). No crowded.

Step 13:
- Garden has Sandra and Mary: 2. Hallway has Daniel: 1. No.

Step 14:
- Hallway has Mary and Daniel: 2. No.

Step 15:
- Office has Sandra: 1. Hallway has Mary and Daniel: 2. No.

Step 16:
- Hallway has Sandra, Mary, Daniel: 3 people again. So step 16: Hallway is crowded.

So, looking through all steps, only steps 6 and 16 have a crowded room (Hallway with 3 people each time). So Hallway was crowded for 2 steps. Are there any other steps where a room had 3 or more?

Wait, let me check again. Maybe I missed something. Let me go through each step again.

Looking at step 6: Hallway has 3. Step 16: Hallway has 3. Any others?

Looking at step 10: Bathroom has 2, Hallway has 1. No. Step 5: Bathroom has 2. Step 2: Garden has 2. Step 3: Hallway 2. Step 8: Bathroom 2. Step 13: Garden 2. Step 14: Hallway 2. Step 15: Hallway 2. So no other instances where a room had 3 or more. So only Hallway in steps 6 and 16. That's two steps. So the answer would be Hallway, since it's the only room that was crowded (with 3 people) for the most steps (2 steps). But wait, the question says ""for the most steps""—so which room had the highest number of steps where it was crowded. Since only Hallway had 2 steps, and others had zero, then Hallway is the answer. But let me check again if there's any other room that had 3 or more in any steps.

Looking again:

Step 6: Hallway has 3. Step 16: Hallway 3. Any other steps?

Step 1: All rooms have 1. Step 2: Garden has 2. Step 3: Hallway 2. Step 4: Kitchen 1, Hallway 2. Step 5: Bathroom 2, Hallway 2. Step 7: Hallway 2. Step 8: Bathroom 2. Step 9: All 1 or 2. Step 10: Bathroom 2. Step 11: Bathroom 2. Step 12: All 1. Step 13: Garden 2. Step 14: Hallway 2. Step 15: Hallway 2. Step 16: Hallway 3. So yes, only Hallway had 3 people in steps 6 and 16. Therefore, the answer is Hallway.
</think>

{""answer"": ""Hallway""}"
0000010,16,crowded_room,room,Which room was crowded (3 or more people in one room) for the most steps?,Hallway,,"[{'step_id': 1, 'rooms': {'Kitchen': False, 'Bathroom': False, 'Garden': False, 'Office': False, 'Bedroom': False, 'Hallway': False}}, {'step_id': 2, 'rooms': {'Kitchen': False, 'Bathroom': False, 'Garden': False, 'Office': False, 'Bedroom': False, 'Hallway': False}}, {'step_id': 3, 'rooms': {'Kitchen': False, 'Bathroom': False, 'Garden': False, 'Office': False, 'Bedroom': False, 'Hallway': False}}, {'step_id': 4, 'rooms': {'Kitchen': False, 'Bathroom': False, 'Garden': False, 'Office': False, 'Bedroom': False, 'Hallway': False}}, {'step_id': 5, 'rooms': {'Kitchen': False, 'Bathroom': False, 'Garden': False, 'Office': False, 'Bedroom': False, 'Hallway': False}}, {'step_id': 6, 'rooms': {'Kitchen': False, 'Bathroom': False, 'Garden': False, 'Office': False, 'Bedroom': False, 'Hallway': True}}, {'step_id': 7, 'rooms': {'Kitchen': False, 'Bathroom': False, 'Garden': False, 'Office': False, 'Bedroom': False, 'Hallway': False}}, {'step_id': 8, 'rooms': {'Kitchen': False, 'Bathroom': False, 'Garden': False, 'Office': False, 'Bedroom': False, 'Hallway': False}}, {'step_id': 9, 'rooms': {'Kitchen': False, 'Bathroom': False, 'Garden': False, 'Office': False, 'Bedroom': False, 'Hallway': False}}, {'step_id': 10, 'rooms': {'Kitchen': False, 'Bathroom': False, 'Garden': False, 'Office': False, 'Bedroom': False, 'Hallway': False}}, {'step_id': 11, 'rooms': {'Kitchen': False, 'Bathroom': False, 'Garden': False, 'Office': False, 'Bedroom': False, 'Hallway': False}}, {'step_id': 12, 'rooms': {'Kitchen': False, 'Bathroom': False, 'Garden': False, 'Office': False, 'Bedroom': False, 'Hallway': False}}, {'step_id': 13, 'rooms': {'Kitchen': False, 'Bathroom': False, 'Garden': False, 'Office': False, 'Bedroom': False, 'Hallway': False}}, {'step_id': 14, 'rooms': {'Kitchen': False, 'Bathroom': False, 'Garden': False, 'Office': False, 'Bedroom': False, 'Hallway': False}}, {'step_id': 15, 'rooms': {'Kitchen': False, 'Bathroom': False, 'Garden': False, 'Office': False, 'Bedroom': False, 'Hallway': False}}, {'step_id': 16, 'rooms': {'Kitchen': False, 'Bathroom': False, 'Garden': False, 'Office': False, 'Bedroom': False, 'Hallway': True}}]","[0, 0, 0, 0, 0, 1, 0, 0, 0, 0, 0, 0, 0, 0, 0, 1]",2,00000,False,10,"<think>
Okay, let's see. The question is asking which room was crowded (had 3 or more people) for the most steps. So I need to go through each step and check each room to see if there are 3 or more people. Then, count how many steps each room had that condition, and find the one with the highest count.

First, I'll start by looking at each step one by one. Let's list out each step and check for rooms with 3+ people.

Looking at step 1:
Rooms are Kitchen: Sandra (1), Bathroom: Daniel (1), Garden: Mary (1), Office: 0, Bedroom: John (1), Hallway: Michael (1). No rooms have 3 or more. So all counts are zero here.

Step 2:
Kitchen: 0, Bathroom: Daniel (1), Garden: Sandra and Mary (2), others same. Still no room with 3 or more. So no counts.

Step 3:
Garden has Sandra (1), Hallway has Mary and Michael (2). Still no room with 3.

Step 4:
Kitchen: John (1), Hallway: Mary and Michael (2). No.

Step 5:
Bathroom has Sandra and Daniel (2), Hallway: Mary and Michael (2). Still no room with 3.

Step 6:
Hallway has Mary, Daniel, Michael (3 people!). So here, Hallway is crowded. So Hallway gets +1.

Step 7:
Hallway has Daniel and Michael (2), Bedroom has Mary (1). No crowded rooms.

Step 8:
Bathroom has Sandra and Mary (2), Hallway: Daniel and Michael (2). No.

Step 9:
Bathroom: Mary (1), Garden: Sandra (1), Hallway: Daniel and Michael (2). No.

Step 10:
Bathroom: Mary and Michael (2), Garden: Sandra (1), Hallway: Daniel (1). No.

Step 11:
Bathroom: Mary and Michael (2), Bedroom: Sandra (1), Hallway: Daniel (1). No.

Step 12:
Bathroom: Michael (1), Garden: Mary (1), Bedroom: Sandra (1), Hallway: Daniel (1). No.

Step 13:
Garden has Sandra and Mary (2), Hallway: Daniel (1). No.

Step 14:
Garden: Sandra (1), Hallway: Mary and Daniel (2). No.

Step 15:
Office: Sandra (1), Hallway: Mary and Daniel (2). No.

Step 16:
Hallway has Sandra, Mary, Daniel (3 people again). So Hallway gets another +1.

So, looking through all steps, only step 6 and step 16 had Hallway with 3 people. That's two instances. Any other rooms?

Wait, let me check again. Maybe I missed some steps. Let me go through each step again.

Looking at step 6: Hallway has Mary, Daniel, Michael. That's three. Step 16: Hallway has Sandra, Mary, Daniel. Also three. Any other steps?

Looking at step 10: Bathroom has Mary and Michael (2), Hallway has Daniel (1). No. Step 5: Bathroom had 2, Hallway 2. Step 8: Bathroom 2, Hallway 2. Step 13: Garden has 2. Step 14: Hallway has 2. Step 15: Hallway has 2. Step 16: Hallway has 3 again.

Wait, step 6 and 16 only. So Hallway was crowded twice. Any other rooms?

Looking at step 1: All rooms have 1 or 0. Step 2: Garden has 2. Step 3: Hallway has 2. Step 4: Hallway 2. Step 5: Bathroom 2, Hallway 2. Step 6: Hallway 3. Step 7: Hallway 2. Step 8: Bathroom 2, Hallway 2. Step 9: Hallway 2. Step 10: Bathroom 2. Step 11: Bathroom 2. Step 12: All rooms have 1 or 0. Step 13: Garden 2. Step 14: Hallway 2. Step 15: Hallway 2. Step 16: Hallway 3.

So only Hallway had 3 people in steps 6 and 16. That's two times. Any other rooms with 3 or more? Let me check again. For example, step 10: Bathroom has 2, step 5: same. No room ever had more than 2 except Hallway in those two steps. Therefore, Hallway was the only room that was crowded (with 3 people) for 2 steps. So the answer should be Hallway. But wait, the question says ""for the most steps""—so which room had the highest number of steps where it was crowded. Since Hallway was crowded twice, and no other room was crowded even once, the answer is Hallway.
</think>

{""answer"": ""Hallway""}"
0000005,16,crowded_room,room,Which room was crowded (3 or more people in one room) for the most steps?,Hallway,,"[{'step_id': 1, 'rooms': {'Kitchen': False, 'Bathroom': False, 'Garden': False, 'Office': False, 'Bedroom': False, 'Hallway': False}}, {'step_id': 2, 'rooms': {'Kitchen': False, 'Bathroom': False, 'Garden': False, 'Office': False, 'Bedroom': False, 'Hallway': False}}, {'step_id': 3, 'rooms': {'Kitchen': False, 'Bathroom': False, 'Garden': False, 'Office': False, 'Bedroom': False, 'Hallway': False}}, {'step_id': 4, 'rooms': {'Kitchen': False, 'Bathroom': False, 'Garden': False, 'Office': False, 'Bedroom': False, 'Hallway': False}}, {'step_id': 5, 'rooms': {'Kitchen': False, 'Bathroom': False, 'Garden': False, 'Office': False, 'Bedroom': False, 'Hallway': False}}, {'step_id': 6, 'rooms': {'Kitchen': False, 'Bathroom': False, 'Garden': False, 'Office': False, 'Bedroom': False, 'Hallway': True}}, {'step_id': 7, 'rooms': {'Kitchen': False, 'Bathroom': False, 'Garden': False, 'Office': False, 'Bedroom': False, 'Hallway': False}}, {'step_id': 8, 'rooms': {'Kitchen': False, 'Bathroom': False, 'Garden': False, 'Office': False, 'Bedroom': False, 'Hallway': False}}, {'step_id': 9, 'rooms': {'Kitchen': False, 'Bathroom': False, 'Garden': False, 'Office': False, 'Bedroom': False, 'Hallway': False}}, {'step_id': 10, 'rooms': {'Kitchen': False, 'Bathroom': False, 'Garden': False, 'Office': False, 'Bedroom': False, 'Hallway': False}}, {'step_id': 11, 'rooms': {'Kitchen': False, 'Bathroom': False, 'Garden': False, 'Office': False, 'Bedroom': False, 'Hallway': False}}, {'step_id': 12, 'rooms': {'Kitchen': False, 'Bathroom': False, 'Garden': False, 'Office': False, 'Bedroom': False, 'Hallway': False}}, {'step_id': 13, 'rooms': {'Kitchen': False, 'Bathroom': False, 'Garden': False, 'Office': False, 'Bedroom': False, 'Hallway': False}}, {'step_id': 14, 'rooms': {'Kitchen': False, 'Bathroom': False, 'Garden': False, 'Office': False, 'Bedroom': False, 'Hallway': False}}, {'step_id': 15, 'rooms': {'Kitchen': False, 'Bathroom': False, 'Garden': False, 'Office': False, 'Bedroom': False, 'Hallway': False}}, {'step_id': 16, 'rooms': {'Kitchen': False, 'Bathroom': False, 'Garden': False, 'Office': False, 'Bedroom': False, 'Hallway': True}}]","[0, 0, 0, 0, 0, 1, 0, 0, 0, 0, 0, 0, 0, 0, 0, 1]",2,00000,False,5,"<think>
Okay, let's tackle this problem step by step. The question is asking which room was crowded (had 3 or more people) for the most steps. So, I need to go through each step from 1 to 16 and check each room to see if it meets the crowded condition. Then, count how many steps each room was crowded and find the one with the highest count.

First, I'll list out all the steps and note the rooms and their occupants. Let me go through each step one by one.

Step 1:
- Kitchen: Sandra (1 person)
- Bathroom: Daniel (1)
- Garden: Mary (1)
- Office: empty
- Bedroom: John (1)
- Hallway: Michael (1)
No rooms are crowded here since all have 1 person.

Step 2:
- Garden has Sandra and Mary (2 people). Others have 1 or 0. Still no crowded rooms.

Step 3:
- Hallway has Mary and Michael (2). Others are 1 or 0. No crowded.

Step 4:
- Kitchen: John (1)
- Hallway: Mary and Michael (2). Still no.

Step 5:
- Bathroom has Sandra and Daniel (2)
- Hallway: Mary and Michael (2). No crowded.

Step 6:
- Hallway has Mary, Daniel, Michael (3 people). That's the first crowded room. So Hallway is crowded here. Count for Hallway: 1.

Step 7:
- Hallway has Daniel and Michael (2). Bedroom has Mary (1). No crowded.

Step 8:
- Bathroom has Sandra and Mary (2)
- Hallway: Daniel and Michael (2). No crowded.

Step 9:
- Bathroom: Mary (1)
- Garden: Sandra (1)
- Hallway: Daniel and Michael (2). No crowded.

Step 10:
- Bathroom: Mary and Michael (2)
- Garden: Sandra (1)
- Hallway: Daniel (1). No crowded.

Step 11:
- Bathroom: Mary and Michael (2)
- Bedroom: Sandra (1)
- Hallway: Daniel (1). No crowded.

Step 12:
- Kitchen: John (1)
- Bathroom: Michael (1)
- Garden: Mary (1)
- Bedroom: Sandra (1)
- Hallway: Daniel (1). All have 1 or 0. No crowded.

Step 13:
- Garden has Sandra and Mary (2)
- Hallway: Daniel (1). No crowded.

Step 14:
- Garden: Sandra (1)
- Hallway: Mary and Daniel (2). No crowded.

Step 15:
- Office: Sandra (1)
- Hallway: Mary and Daniel (2). No crowded.

Step 16:
- Hallway has Sandra, Mary, Daniel (3 people). So Hallway is crowded again. Now Hallway's count is 2.

Wait, let me check again. Let me go through each step again to make sure I didn't miss any other rooms.

Looking back:

At step 6, Hallway had 3 people. Then step 16, Hallway again has 3. Any other steps?

Let me check step 5: Bathroom had 2, Hallway 2. Step 6: Hallway 3. Step 7: Hallway 2. Step 8: Hallway 2. Step 9: Hallway 2. Step 10: Hallway 1. Step 11: Hallway 1. Step 12: Hallway 1. Step 13: Hallway 1. Step 14: Hallway 2. Step 15: Hallway 2. Step 16: Hallway 3 again.

So Hallway was crowded in steps 6 and 16. That's two instances. Are there any other rooms that had 3 or more people?

Looking again:

In step 6, Hallway had 3. Any other steps?

Looking at step 10: Bathroom had 2, Hallway had 1. Step 11: Bathroom 2, Hallway 1. Step 13: Garden had 2. Step 14: Hallway 2. Step 15: Hallway 2. Step 16: Hallway 3. 

Wait, what about step 10? Bathroom had Mary and Michael (2), but not 3. Step 16 is the second time Hallway had 3. So only Hallway was crowded twice. Any other rooms?

Wait, step 5: Bathroom had Sandra and Daniel (2). Not 3. Step 8: Bathroom had Sandra and Mary (2). Step 10: Bathroom had Mary and Michael (2). Step 13: Garden had Sandra and Mary (2). So no other rooms ever had 3 or more. 

So the answer is Hallway, which was crowded in steps 6 and 16. Therefore, it was crowded for 2 steps. But the question says ""for the most steps""—so if no other room had more than 2 steps, then Hallway is the answer. 

But wait, maybe I missed some steps. Let me check again each step for any room with 3 or more people.

Step 1-5: No rooms with 3.

Step 6: Hallway 3.

Step 7-9: No.

Step 10: No.

Step 11: No.

Step 12: No.

Step 13: Garden 2, others 1 or 0.

Step 14: Hallway 2.

Step 15: Hallway 2.

Step 16: Hallway 3 again.

So only Hallway had 3 people in steps 6 and 16. That's two steps. Any other room?

No, I don't think so. Therefore, the answer is Hallway.
</think>

{""answer"": ""Hallway""}"
0000007,16,crowded_room,room,Which room was crowded (3 or more people in one room) for the most steps?,Hallway,,"[{'step_id': 1, 'rooms': {'Kitchen': False, 'Bathroom': False, 'Garden': False, 'Office': False, 'Bedroom': False, 'Hallway': False}}, {'step_id': 2, 'rooms': {'Kitchen': False, 'Bathroom': False, 'Garden': False, 'Office': False, 'Bedroom': False, 'Hallway': False}}, {'step_id': 3, 'rooms': {'Kitchen': False, 'Bathroom': False, 'Garden': False, 'Office': False, 'Bedroom': False, 'Hallway': False}}, {'step_id': 4, 'rooms': {'Kitchen': False, 'Bathroom': False, 'Garden': False, 'Office': False, 'Bedroom': False, 'Hallway': False}}, {'step_id': 5, 'rooms': {'Kitchen': False, 'Bathroom': False, 'Garden': False, 'Office': False, 'Bedroom': False, 'Hallway': False}}, {'step_id': 6, 'rooms': {'Kitchen': False, 'Bathroom': False, 'Garden': False, 'Office': False, 'Bedroom': False, 'Hallway': True}}, {'step_id': 7, 'rooms': {'Kitchen': False, 'Bathroom': False, 'Garden': False, 'Office': False, 'Bedroom': False, 'Hallway': False}}, {'step_id': 8, 'rooms': {'Kitchen': False, 'Bathroom': False, 'Garden': False, 'Office': False, 'Bedroom': False, 'Hallway': False}}, {'step_id': 9, 'rooms': {'Kitchen': False, 'Bathroom': False, 'Garden': False, 'Office': False, 'Bedroom': False, 'Hallway': False}}, {'step_id': 10, 'rooms': {'Kitchen': False, 'Bathroom': False, 'Garden': False, 'Office': False, 'Bedroom': False, 'Hallway': False}}, {'step_id': 11, 'rooms': {'Kitchen': False, 'Bathroom': False, 'Garden': False, 'Office': False, 'Bedroom': False, 'Hallway': False}}, {'step_id': 12, 'rooms': {'Kitchen': False, 'Bathroom': False, 'Garden': False, 'Office': False, 'Bedroom': False, 'Hallway': False}}, {'step_id': 13, 'rooms': {'Kitchen': False, 'Bathroom': False, 'Garden': False, 'Office': False, 'Bedroom': False, 'Hallway': False}}, {'step_id': 14, 'rooms': {'Kitchen': False, 'Bathroom': False, 'Garden': False, 'Office': False, 'Bedroom': False, 'Hallway': False}}, {'step_id': 15, 'rooms': {'Kitchen': False, 'Bathroom': False, 'Garden': False, 'Office': False, 'Bedroom': False, 'Hallway': False}}, {'step_id': 16, 'rooms': {'Kitchen': False, 'Bathroom': False, 'Garden': False, 'Office': False, 'Bedroom': False, 'Hallway': True}}]","[0, 0, 0, 0, 0, 1, 0, 0, 0, 0, 0, 0, 0, 0, 0, 1]",2,00000,False,7,"<think>
Okay, let's tackle this problem. The user is asking which room was crowded (had 3 or more people) for the most steps. So I need to go through each step, check each room's population, note when a room has 3 or more people, and then count how many steps each such room was crowded. Finally, determine which room had the highest count.

First, let me list out all the steps from 1 to 16 and check each room's occupants. Let me go step by step.

Step 1:
- Kitchen: Sandra (1)
- Bathroom: Daniel (1)
- Garden: Mary (1)
- Office: 0
- Bedroom: John (1)
- Hallway: Michael (1)
No rooms with 3+ people.

Step 2:
- Garden has Sandra and Mary (2). Others are 1 or 0. Still no room with 3.

Step 3:
- Hallway has Mary and Michael (2). Others are 1 or 0. No.

Step 4:
- Kitchen: John (1). Hallway: Mary, Michael (2). Still no.

Step 5:
- Bathroom has Sandra and Daniel (2). Hallway: Mary, Michael (2). No.

Step 6:
- Hallway has Mary, Daniel, Michael (3). That's the first time a room is crowded. So Hallway is crowded here. Count for Hallway: 1.

Step 7:
- Hallway has Daniel and Michael (2). Bedroom has Mary (1). No crowded rooms.

Step 8:
- Bathroom has Sandra and Mary (2). Hallway: Daniel and Michael (2). No.

Step 9:
- Bathroom: Mary (1). Garden: Sandra (1). Hallway: Daniel, Michael (2). No.

Step 10:
- Bathroom: Mary, Michael (2). Garden: Sandra (1). Hallway: Daniel (1). No.

Step 11:
- Bathroom: Mary, Michael (2). Bedroom: Sandra (1). Hallway: Daniel (1). No.

Step 12:
- Kitchen: John (1). Bathroom: Michael (1). Garden: Mary (1). Bedroom: Sandra (1). Hallway: Daniel (1). All have 1 or 0. No crowded.

Step 13:
- Garden has Sandra and Mary (2). Hallway: Daniel (1). No.

Step 14:
- Garden: Sandra (1). Hallway: Mary, Daniel (2). No.

Step 15:
- Office: Sandra (1). Hallway: Mary, Daniel (2). No.

Step 16:
- Hallway: Sandra, Mary, Daniel (3). So Hallway is crowded again here. Now Hallway has 2 steps (step 6 and 16).

Wait, let me check again. Did any other rooms ever have 3 or more people?

Looking through all steps again. Let me check each step for any room with 3+ people.

Step 6: Hallway has 3 (Mary, Daniel, Michael). Step 16: Hallway again has 3 (Sandra, Mary, Daniel). Any others?

Looking at step 5, bathroom had 2, hallway 2. Step 8, bathroom had 2, hallway 2. Step 10, bathroom 2. Step 13, garden 2. Step 14, hallway 2. Step 15, hallway 2. Step 16, hallway 3. So only Hallway had 3 people in steps 6 and 16. Any other steps?

Wait, step 16: Hallway has Sandra, Mary, Daniel. That's 3. Are there any other steps where a room had 3 or more?

Looking again:

Step 6: Hallway has 3. Step 16: Hallway has 3. Any others?

Let me check step 13: Garden has Sandra and Mary (2). Step 10: bathroom has 2. Step 5: bathroom 2. Step 8: bathroom 2. Step 2: garden 2. Step 3: hallway 2. Step 4: hallway 2. Step 7: hallway 2. Step 14: hallway 2. Step 15: hallway 2. So no other rooms ever had 3 or more. So only Hallway was crowded in steps 6 and 16. That's two steps. So the answer would be Hallway. But wait, let me check if there's another room that had 3 people in any step.

Looking at step 16: Hallway has 3. Any other steps?

No. So Hallway was crowded for 2 steps. But the question is which room was crowded for the most steps. So if only Hallway had 2 steps, then that's the answer. But let me check again.

Wait, step 6: Hallway has 3 people. Step 16: Hallway has 3. Are there any other steps where any room had 3 or more?

Looking through each step again:

Step 1: All rooms have 1 or 0.

Step 2: Garden has 2.

Step 3: Hallway 2.

Step 4: Hallway 2.

Step 5: Bathroom 2, hallway 2.

Step 6: Hallway 3.

Step 7: Hallway 2.

Step 8: Bathroom 2, hallway 2.

Step 9: Hallway 2.

Step 10: Bathroom 2.

Step 11: Bathroom 2.

Step 12: All rooms have 1 or 0.

Step 13: Garden 2.

Step 14: Hallway 2.

Step 15: Hallway 2.

Step 16: Hallway 3.

So only Hallway had 3 people in steps 6 and 16. So that's two steps. Therefore, the answer is Hallway. But wait, the problem says ""for the most steps""—so if no other room had any steps with 3 or more, then Hallway is the answer. So the answer is Hallway.
</think>

{""answer"": ""Hallway""}"
0000015,16,crowded_room,room,Which room was crowded (3 or more people in one room) for the most steps?,Hallway,,"[{'step_id': 1, 'rooms': {'Kitchen': False, 'Bathroom': False, 'Garden': False, 'Office': False, 'Bedroom': False, 'Hallway': False}}, {'step_id': 2, 'rooms': {'Kitchen': False, 'Bathroom': False, 'Garden': False, 'Office': False, 'Bedroom': False, 'Hallway': False}}, {'step_id': 3, 'rooms': {'Kitchen': False, 'Bathroom': False, 'Garden': False, 'Office': False, 'Bedroom': False, 'Hallway': False}}, {'step_id': 4, 'rooms': {'Kitchen': False, 'Bathroom': False, 'Garden': False, 'Office': False, 'Bedroom': False, 'Hallway': False}}, {'step_id': 5, 'rooms': {'Kitchen': False, 'Bathroom': False, 'Garden': False, 'Office': False, 'Bedroom': False, 'Hallway': False}}, {'step_id': 6, 'rooms': {'Kitchen': False, 'Bathroom': False, 'Garden': False, 'Office': False, 'Bedroom': False, 'Hallway': True}}, {'step_id': 7, 'rooms': {'Kitchen': False, 'Bathroom': False, 'Garden': False, 'Office': False, 'Bedroom': False, 'Hallway': False}}, {'step_id': 8, 'rooms': {'Kitchen': False, 'Bathroom': False, 'Garden': False, 'Office': False, 'Bedroom': False, 'Hallway': False}}, {'step_id': 9, 'rooms': {'Kitchen': False, 'Bathroom': False, 'Garden': False, 'Office': False, 'Bedroom': False, 'Hallway': False}}, {'step_id': 10, 'rooms': {'Kitchen': False, 'Bathroom': False, 'Garden': False, 'Office': False, 'Bedroom': False, 'Hallway': False}}, {'step_id': 11, 'rooms': {'Kitchen': False, 'Bathroom': False, 'Garden': False, 'Office': False, 'Bedroom': False, 'Hallway': False}}, {'step_id': 12, 'rooms': {'Kitchen': False, 'Bathroom': False, 'Garden': False, 'Office': False, 'Bedroom': False, 'Hallway': False}}, {'step_id': 13, 'rooms': {'Kitchen': False, 'Bathroom': False, 'Garden': False, 'Office': False, 'Bedroom': False, 'Hallway': False}}, {'step_id': 14, 'rooms': {'Kitchen': False, 'Bathroom': False, 'Garden': False, 'Office': False, 'Bedroom': False, 'Hallway': False}}, {'step_id': 15, 'rooms': {'Kitchen': False, 'Bathroom': False, 'Garden': False, 'Office': False, 'Bedroom': False, 'Hallway': False}}, {'step_id': 16, 'rooms': {'Kitchen': False, 'Bathroom': False, 'Garden': False, 'Office': False, 'Bedroom': False, 'Hallway': True}}]","[0, 0, 0, 0, 0, 1, 0, 0, 0, 0, 0, 0, 0, 0, 0, 1]",2,00000,False,15,"<think>
Okay, let's tackle this problem step by step. The question is asking which room was crowded (had 3 or more people) for the most steps. So I need to go through each step from 1 to 16 and check each room to see if there are 3 or more people in it. Then, count how many steps each room was crowded and find the one with the highest count.

First, I'll list out all the steps and check each room's population. Let me start by going through each step one by one.

Step 1:
- Kitchen: 1 (Sandra)
- Bathroom: 1 (Daniel)
- Garden: 1 (Mary)
- Office: 0
- Bedroom: 1 (John)
- Hallway: 1 (Michael)
No rooms have 3 or more people here.

Step 2:
- Garden has 2 (Sandra, Mary). Others are 1 or 0. Still no crowded rooms.

Step 3:
- Hallway has 2 (Mary, Michael). Others are 1 or 0. No crowded.

Step 4:
- Kitchen: 1 (John)
- Hallway: 2. Still no.

Step 5:
- Bathroom has 2 (Sandra, Daniel)
- Hallway: 2. No crowded.

Step 6:
- Hallway has 3 (Mary, Daniel, Michael). That's the first crowded room. So Hallway is crowded here. Count for Hallway: 1.

Step 7:
- Hallway has 2 (Daniel, Michael). So not crowded anymore.

Step 8:
- Bathroom has 2 (Sandra, Mary)
- Hallway: 2. No crowded.

Step 9:
- Bathroom: 1 (Mary)
- Garden: 1 (Sandra)
- Hallway: 2. Still no.

Step 10:
- Bathroom: 2 (Mary, Michael)
- Garden: 1 (Sandra)
- Hallway: 1 (Daniel)
No crowded.

Step 11:
- Bathroom: 2 (Mary, Michael)
- Bedroom: 1 (Sandra)
- Hallway: 1 (Daniel)
No.

Step 12:
- Kitchen: 1 (John)
- Bathroom: 1 (Michael)
- Garden: 1 (Mary)
- Bedroom: 1 (Sandra)
- Hallway: 1 (Daniel)
All rooms have 1 or 0. No crowded.

Step 13:
- Garden has 2 (Sandra, Mary)
- Hallway: 1 (Daniel)
No crowded.

Step 14:
- Garden: 1 (Sandra)
- Hallway: 2 (Mary, Daniel)
No.

Step 15:
- Office: 1 (Sandra)
- Hallway: 2 (Mary, Daniel)
No.

Step 16:
- Hallway has 3 (Sandra, Mary, Daniel). So Hallway is crowded again. Now Hallway's count is 2.

Wait, so in step 6 and step 16, Hallway was crowded. That's two instances. Are there any other steps where a room had 3 or more people?

Let me check again. Maybe I missed something.

Looking back:

Step 6: Hallway has 3.

Step 16: Hallway has 3 again.

Other steps? Let me check again.

Step 5: Bathroom had 2, Hallway 2. No.

Step 10: Bathroom had 2, Hallway 1. No.

Step 13: Garden had 2. Not enough.

Step 8: Bathroom had 2. No.

So only Hallway was crowded in steps 6 and 16. That's two times. Any other rooms?

Wait, let me check step 10 again. Bathroom has 2 people, Garden has 1, Hallway has 1. No.

What about step 13: Garden has 2, but not 3.

Is there any other step where a room had 3? Let me check again.

Looking through all steps again:

Step 6: Hallway has 3.

Step 16: Hallway has 3.

Other steps? For example, step 10: Bathroom has 2, Hallway has 1. No. Step 5: Bathroom 2, Hallway 2. No. Step 2: Garden has 2. Step 3: Hallway 2. Step 8: Bathroom 2. Step 13: Garden 2. All of these are 2, which is not 3 or more. So only Hallway had 3 in steps 6 and 16. Therefore, Hallway was crowded for 2 steps. Are there any other rooms that had 3 or more in any steps?

Wait, step 1: All rooms have 1 person. No. Step 2: Garden has 2. Step 3: Hallway 2. Step 4: Kitchen 1, Hallway 2. Step 5: Bathroom 2, Hallway 2. Step 6: Hallway 3. Step 7: Hallway 2. Step 8: Bathroom 2. Step 9: Hallway 2. Step 10: Bathroom 2. Step 11: Bathroom 2. Step 12: All rooms have 1. Step 13: Garden 2. Step 14: Hallway 2. Step 15: Hallway 2. Step 16: Hallway 3.

So only Hallway had 3 people in two steps. Therefore, the answer is Hallway. But wait, the question says ""for the most steps""—so which room was crowded (i.e., had 3+ people) for the most steps. Since Hallway was crowded in two steps, and no other room was crowded at all, then the answer is Hallway. But let me check once more to make sure I didn't miss any other instances.

Another check: Are there any steps where a room had 3 or more?

Looking again:

Step 6: Hallway 3.

Step 16: Hallway 3.

No other steps. So Hallway is the only room that was crowded, and it was crowded for 2 steps. Therefore, the answer is Hallway.
</think>

{""answer"": ""Hallway""}"
0000002,16,crowded_room,room,Which room was crowded (3 or more people in one room) for the most steps?,Hallway,,"[{'step_id': 1, 'rooms': {'Kitchen': False, 'Bathroom': False, 'Garden': False, 'Office': False, 'Bedroom': False, 'Hallway': False}}, {'step_id': 2, 'rooms': {'Kitchen': False, 'Bathroom': False, 'Garden': False, 'Office': False, 'Bedroom': False, 'Hallway': False}}, {'step_id': 3, 'rooms': {'Kitchen': False, 'Bathroom': False, 'Garden': False, 'Office': False, 'Bedroom': False, 'Hallway': False}}, {'step_id': 4, 'rooms': {'Kitchen': False, 'Bathroom': False, 'Garden': False, 'Office': False, 'Bedroom': False, 'Hallway': False}}, {'step_id': 5, 'rooms': {'Kitchen': False, 'Bathroom': False, 'Garden': False, 'Office': False, 'Bedroom': False, 'Hallway': False}}, {'step_id': 6, 'rooms': {'Kitchen': False, 'Bathroom': False, 'Garden': False, 'Office': False, 'Bedroom': False, 'Hallway': True}}, {'step_id': 7, 'rooms': {'Kitchen': False, 'Bathroom': False, 'Garden': False, 'Office': False, 'Bedroom': False, 'Hallway': False}}, {'step_id': 8, 'rooms': {'Kitchen': False, 'Bathroom': False, 'Garden': False, 'Office': False, 'Bedroom': False, 'Hallway': False}}, {'step_id': 9, 'rooms': {'Kitchen': False, 'Bathroom': False, 'Garden': False, 'Office': False, 'Bedroom': False, 'Hallway': False}}, {'step_id': 10, 'rooms': {'Kitchen': False, 'Bathroom': False, 'Garden': False, 'Office': False, 'Bedroom': False, 'Hallway': False}}, {'step_id': 11, 'rooms': {'Kitchen': False, 'Bathroom': False, 'Garden': False, 'Office': False, 'Bedroom': False, 'Hallway': False}}, {'step_id': 12, 'rooms': {'Kitchen': False, 'Bathroom': False, 'Garden': False, 'Office': False, 'Bedroom': False, 'Hallway': False}}, {'step_id': 13, 'rooms': {'Kitchen': False, 'Bathroom': False, 'Garden': False, 'Office': False, 'Bedroom': False, 'Hallway': False}}, {'step_id': 14, 'rooms': {'Kitchen': False, 'Bathroom': False, 'Garden': False, 'Office': False, 'Bedroom': False, 'Hallway': False}}, {'step_id': 15, 'rooms': {'Kitchen': False, 'Bathroom': False, 'Garden': False, 'Office': False, 'Bedroom': False, 'Hallway': False}}, {'step_id': 16, 'rooms': {'Kitchen': False, 'Bathroom': False, 'Garden': False, 'Office': False, 'Bedroom': False, 'Hallway': True}}]","[0, 0, 0, 0, 0, 1, 0, 0, 0, 0, 0, 0, 0, 0, 0, 1]",2,00000,False,2,"<think>
Okay, let's see. The question is asking which room was crowded (had 3 or more people) for the most steps. So I need to go through each step and check each room to see if there are 3 or more people. Then, count how many steps each room had that condition and find the one with the highest count.

First, let me list out all the steps from 1 to 16 and check each room's population. Let me start by going through each step one by one.

Step 1:
- Kitchen: 1 (Sandra)
- Bathroom: 1 (Daniel)
- Garden: 1 (Mary)
- Office: 0
- Bedroom: 1 (John)
- Hallway: 1 (Michael)
No rooms have 3 or more people. So all counts are zero here.

Step 2:
- Garden has Sandra and Mary (2 people). Others are 1 or 0. Still no room with 3.

Step 3:
- Hallway has Mary and Michael (2). Others are 1 or 0. Still nothing.

Step 4:
- Kitchen: 1 (John). Hallway: 2. No crowded rooms.

Step 5:
- Bathroom has Sandra and Daniel (2). Hallway: 2. Still no 3.

Step 6:
- Hallway has Mary, Daniel, Michael (3 people). That's the first occurrence of a crowded room. So Hallway has 1 step here.

Step 7:
- Hallway has Daniel and Michael (2). No crowded rooms.

Step 8:
- Bathroom has Sandra and Mary (2). Hallway: 2. No.

Step 9:
- All rooms have 1 or 2 people. No.

Step 10:
- Bathroom has Mary and Michael (2). Garden: 1. Hallway: 1. Still no.

Step 11:
- Bathroom: 2. Bedroom: 1. Hallway: 1. No.

Step 12:
- All rooms have 1 or 0 except Bedroom and Garden, which have 1 each. No crowded.

Step 13:
- Garden has Sandra and Mary (2). Hallway: 1. No.

Step 14:
- Garden: 1. Hallway: 2. No.

Step 15:
- Office has Sandra (1). Hallway: 2. No.

Step 16:
- Hallway has Sandra, Mary, Daniel (3 people). So Hallway gets another count here. Now Hallway has 2 steps (step 6 and 16).

Wait, but are there any other rooms that had 3 or more people in any steps? Let me check again.

Looking through all steps again:

Only in step 6 and 16, Hallway had 3 people. Any others?

Wait, step 16: Hallway has 3. Step 6: Hallway has 3. Any other steps?

Let me check again. For example, step 5: Bathroom had 2, Hallway 2. Step 10: Bathroom had 2. Step 8: Bathroom had 2. Step 13: Garden had 2. Step 1: all rooms had 1. Step 2: Garden had 2. Step 3: Hallway had 2. Step 4: Kitchen 1, Hallway 2. Step 7: Hallway 2. Step 9: all 1 or 2. Step 11: bathroom 2. Step 12: all 1. Step 14: Hallway 2. Step 15: Hallway 2. Step 16: Hallway 3.

So only Hallway had 3 people in steps 6 and 16. So that's two steps. Any other rooms?

Wait, step 5: Bathroom had 2 people (Sandra and Daniel). Step 10: Bathroom had 2 (Mary and Michael). Step 8: Bathroom had 2 (Sandra and Mary). Step 13: Garden had 2 (Sandra and Mary). Step 2: Garden had 2. Step 3: Hallway had 2. Step 4: Hallway had 2. Step 7: Hallway had 2. Step 14: Hallway had 2. Step 15: Hallway had 2. But none of these reach 3. So only Hallway had 3 in steps 6 and 16. So total of 2 steps. So the answer would be Hallway, with 2 steps. But the question says ""for the most steps""—so if no other room had any steps with 3 or more, then Hallway is the answer. But wait, maybe I missed a step where another room had 3?

Wait, let me check again. For example, in step 16, Hallway has 3. Any other steps?

Looking at step 1: all rooms have 1. Step 2: Garden has 2. Step 3: Hallway 2. Step 4: Hallway 2. Step 5: Bathroom 2, Hallway 2. Step 6: Hallway 3. Step 7: Hallway 2. Step 8: Bathroom 2. Step 9: all 1 or 2. Step 10: Bathroom 2. Step 11: bathroom 2. Step 12: all 1. Step 13: Garden 2. Step 14: Hallway 2. Step 15: Hallway 2. Step 16: Hallway 3. So yes, only Hallway had 3 people in steps 6 and 16. So that's 2 steps. Are there any other rooms with 3 or more in any steps?

Wait, step 16: Hallway has 3. Any other steps? Let me check each room in each step again.

For example, step 10: Bathroom has 2, Hallway 1. No. Step 5: bathroom 2. Step 6: Hallway 3. Step 16: Hallway 3. Any other steps?

Wait, step 13: Garden has Sandra and Mary (2). Step 2: Garden has 2. Step 13: Garden 2. No. So no other rooms. So Hallway is the only room that had 3 or more people, and that happened in 2 steps. Therefore, the answer is Hallway.
</think>

{""answer"": ""Hallway""}"
0000011,16,crowded_room,room,Which room was crowded (3 or more people in one room) for the most steps?,Hallway,,"[{'step_id': 1, 'rooms': {'Kitchen': False, 'Bathroom': False, 'Garden': False, 'Office': False, 'Bedroom': False, 'Hallway': False}}, {'step_id': 2, 'rooms': {'Kitchen': False, 'Bathroom': False, 'Garden': False, 'Office': False, 'Bedroom': False, 'Hallway': False}}, {'step_id': 3, 'rooms': {'Kitchen': False, 'Bathroom': False, 'Garden': False, 'Office': False, 'Bedroom': False, 'Hallway': False}}, {'step_id': 4, 'rooms': {'Kitchen': False, 'Bathroom': False, 'Garden': False, 'Office': False, 'Bedroom': False, 'Hallway': False}}, {'step_id': 5, 'rooms': {'Kitchen': False, 'Bathroom': False, 'Garden': False, 'Office': False, 'Bedroom': False, 'Hallway': False}}, {'step_id': 6, 'rooms': {'Kitchen': False, 'Bathroom': False, 'Garden': False, 'Office': False, 'Bedroom': False, 'Hallway': True}}, {'step_id': 7, 'rooms': {'Kitchen': False, 'Bathroom': False, 'Garden': False, 'Office': False, 'Bedroom': False, 'Hallway': False}}, {'step_id': 8, 'rooms': {'Kitchen': False, 'Bathroom': False, 'Garden': False, 'Office': False, 'Bedroom': False, 'Hallway': False}}, {'step_id': 9, 'rooms': {'Kitchen': False, 'Bathroom': False, 'Garden': False, 'Office': False, 'Bedroom': False, 'Hallway': False}}, {'step_id': 10, 'rooms': {'Kitchen': False, 'Bathroom': False, 'Garden': False, 'Office': False, 'Bedroom': False, 'Hallway': False}}, {'step_id': 11, 'rooms': {'Kitchen': False, 'Bathroom': False, 'Garden': False, 'Office': False, 'Bedroom': False, 'Hallway': False}}, {'step_id': 12, 'rooms': {'Kitchen': False, 'Bathroom': False, 'Garden': False, 'Office': False, 'Bedroom': False, 'Hallway': False}}, {'step_id': 13, 'rooms': {'Kitchen': False, 'Bathroom': False, 'Garden': False, 'Office': False, 'Bedroom': False, 'Hallway': False}}, {'step_id': 14, 'rooms': {'Kitchen': False, 'Bathroom': False, 'Garden': False, 'Office': False, 'Bedroom': False, 'Hallway': False}}, {'step_id': 15, 'rooms': {'Kitchen': False, 'Bathroom': False, 'Garden': False, 'Office': False, 'Bedroom': False, 'Hallway': False}}, {'step_id': 16, 'rooms': {'Kitchen': False, 'Bathroom': False, 'Garden': False, 'Office': False, 'Bedroom': False, 'Hallway': True}}]","[0, 0, 0, 0, 0, 1, 0, 0, 0, 0, 0, 0, 0, 0, 0, 1]",2,00000,False,11,"<think>
Okay, let's tackle this problem step by step. The question is asking which room was crowded (had 3 or more people) for the most steps. So, I need to go through each step from 1 to 16 and check each room to see if it meets the crowded condition. Then, count how many steps each room was crowded and find the one with the highest count.

First, I'll list out each step and note which rooms have 3 or more people. Let me go through each step one by one.

Step 1:
- Kitchen: 1 (Sandra)
- Bathroom: 1 (Daniel)
- Garden: 1 (Mary)
- Office: 0
- Bedroom: 1 (John)
- Hallway: 1 (Michael)
No rooms are crowded here.

Step 2:
- Garden has Sandra and Mary (2 people). Others are 1 or 0. Still no crowded rooms.

Step 3:
- Hallway has Mary and Michael (2). Again, no crowded.

Step 4:
- Kitchen: 1 (John)
- Hallway: 2 (Mary, Michael)
No crowded.

Step 5:
- Bathroom has Sandra and Daniel (2)
- Hallway: 2
Still no.

Step 6:
- Hallway has Mary, Daniel, Michael (3 people). So Hallway is crowded here. That's one step for Hallway.

Step 7:
- Hallway has Daniel and Michael (2)
- Bedroom has Mary (1)
No crowded.

Step 8:
- Bathroom has Sandra and Mary (2)
- Hallway: 2
No.

Step 9:
- All rooms have 1 or 2 people. No crowded.

Step 10:
- Bathroom has Mary and Michael (2)
- Garden: 1
- Hallway: 1
No crowded.

Step 11:
- Bathroom: 2
- Bedroom: 1
- Hallway: 1
No.

Step 12:
- All rooms have 1 or 0. No crowded.

Step 13:
- Garden has Sandra and Mary (2)
- Hallway: 1
No.

Step 14:
- Garden: 1
- Hallway: 2
No.

Step 15:
- Office has Sandra (1)
- Hallway: 2
No.

Step 16:
- Hallway has Sandra, Mary, Daniel (3 people). So Hallway is crowded again here. That's two steps for Hallway.

Wait, so only in step 6 and step 16 was Hallway crowded. That's two steps. Are there any other rooms that had 3 or more people?

Let me check again. Maybe I missed some steps. Let me go through each step again carefully.

Looking at each step's rooms:

Step 1: All rooms have 0 or 1. No crowded.

Step 2: Garden has 2. Others 1 or 0. No.

Step 3: Hallway has 2. No.

Step 4: Kitchen 1, Hallway 2. No.

Step 5: Bathroom 2, Hallway 2. No.

Step 6: Hallway 3. Yes.

Step 7: Hallway 2. No.

Step 8: Bathroom 2, Hallway 2. No.

Step 9: All 1 or 2. No.

Step 10: Bathroom 2, others 1 or 0. No.

Step 11: Bathroom 2, Hallway 1. No.

Step 12: All 1 or 0. No.

Step 13: Garden 2, Hallway 1. No.

Step 14: Hallway 2. No.

Step 15: Hallway 2. No.

Step 16: Hallway 3. Yes.

So only Hallway was crowded in steps 6 and 16. That's two steps. But the question says ""for the most steps."" Are there any other rooms that had 3 or more people?

Wait, let me check step 5 again. Bathroom has Sandra and Daniel (2), Hallway has Mary and Michael (2). Still no.

What about step 10? Bathroom has Mary and Michael (2), Garden has Sandra (1), Hallway has Daniel (1). Still 2 in bathroom.

Step 8: Bathroom has Sandra and Mary (2). Hallway has Daniel and Michael (2). No.

So only Hallway had 3 people in steps 6 and 16. So total of 2 steps. But the question asks which room was crowded for the most steps. If only Hallway had that, then the answer is Hallway. But maybe I made a mistake here. Let me check again.

Wait, step 6: Hallway has Mary, Daniel, Michael. That's 3 people. Step 16: Hallway has Sandra, Mary, Daniel. Also 3. So two steps. Any other steps?

Looking at step 13: Garden has Sandra and Mary (2). Step 13: no. Step 14: Hallway has Mary and Daniel (2). No. Step 15: Hallway has Mary and Daniel (2). No. Step 16: Hallway 3. So only two steps where Hallway was crowded. 

But the problem says ""for the most steps."" So if only Hallway had 2 steps, then that's the answer. Are there any other rooms that had 3 or more people?

Looking again, maybe step 5: Bathroom has Sandra and Daniel (2). No. Step 10: Bathroom has Mary and Michael (2). No. Step 8: Bathroom has Sandra and Mary (2). No. So no other rooms. Therefore, the answer is Hallway, which was crowded for 2 steps. But the question says ""for the most steps""—so if no other room had any, then Hallway is the answer. But maybe I missed something. Let me check each step again.

Another way: create a table for each room and count how many times they had 3 or more people.

Let's list all rooms and track:

Kitchen: in each step, check if count >=3.

Looking through all steps:

Step 1: 1
Step 2: 0
Step 3: 0
Step 4:1
Step 5:1
Step 6:1
Step 7:1
Step 8:1
Step 9:1
Step 10:1
Step 11:1
Step 12:1
Step 13:1
Step 14:1
Step 15:1
Step 16:1
Never more than 1. So Kitchen never crowded.

Bathroom:

Step 1:1
Step 2:1
Step 3:1
Step 4:1
Step 5:2
Step 6:1
Step 7:1
Step 8:2
Step 9:1
Step 10:2
Step 11:2
Step 12:1
Step 13:1
Step 14:1
Step 15:1
Step 16:1
Max 2, so never crowded.

Garden:

Step 1:1
Step 2:2
Step 3:1
Step 4:1
Step 5:0
Step 6:1
Step 7:0
Step 8:0
Step 9:1
Step 10:1
Step 11:0
Step 12:1
Step 13:2
Step 14:1
Step 15:0
Step 16:0
Max 2, so no crowded.

Office:

All steps have 0 except step 15 where it's 1. Never crowded.

Bedroom:

Step 1:1
Step 2:0
Step 3:0
Step 4:0
Step 5:0
Step 6:0
Step 7:1
Step 8:0
Step 9:0
Step 10:0
Step 11:1
Step 12:1
Step 13:0
Step 14:0
Step 15:0
Step 16:0
Max 1. No crowded.

Hallway:

Check each step:

Step 1:1
Step 2:1
Step 3:2
Step 4:2
Step 5:2
Step 6:3 (crowded)
Step 7:2
Step 8:2
Step 9:2
Step 10:1
Step 11:1
Step 12:1
Step 13:1
Step 14:2
Step 15:2
Step 16:3 (crowded)
So steps 6 and 16. Total 2 steps.

So only Hallway was crowded in 2 steps. Therefore, the answer is Hallway.
</think>

{""answer"": ""Hallway""}"
